type_id,source_file,value_name
ACOGOptic,types,Tier3
ACOGOptic,types,Tier4
ACOGOptic,types,Tier5
ACOGOptic,types,Tier9
ACOGOptic,types,Tier8
ACOGOptic_6x,types,Tier3
ACOGOptic_6x,types,Tier4
ACOGOptic_6x,types,Tier5
ACOGOptic_6x,types,Tier7
ACOGOptic_6x,types,Tier6
AK101,types,Tier3
AK101,types,Tier4
AK101,types,Tier5
AK101,types,Tier9
AK101,types,Tier6
AK101,types,Tier8
AK74,types,Tier3
AK74,types,Tier4
AK74,types,Tier9
AKM,types,Tier4
AKM,types,Tier5
AKM,types,Tier6
AKM,types,Tier8
AKS74U,types,Tier2
AKS74U_Bttstck,types,Tier2
AKS74U_Bttstck,types,Tier1
AK_Bayonet,types,Tier3
AK_Bayonet,types,Tier4
AK_Bayonet,types,Tier2
AK_Bayonet,types,Tier1
AK_FoldingBttstck,types,Tier3
AK_FoldingBttstck,types,Tier4
AK_FoldingBttstck,types,Tier2
AK_FoldingBttstck,types,Tier1
AK_PlasticBttstck,types,Tier3
AK_PlasticBttstck,types,Tier4
AK_PlasticBttstck,types,Tier2
AK_PlasticBttstck,types,Tier1
AK_PlasticHndgrd,types,Tier3
AK_PlasticHndgrd,types,Tier4
AK_PlasticHndgrd,types,Tier2
AK_PlasticHndgrd,types,Tier1
AK_RailHndgrd,types,Tier3
AK_RailHndgrd,types,Tier4
AK_RailHndgrd,types,Tier2
AK_RailHndgrd,types,Tier1
AK_Suppressor,types,Tier5
AK_Suppressor,types,Tier8
AK_Suppressor,types,Tier7
AK_Suppressor,types,Tier6
AK_WoodBttstck,types,Tier3
AK_WoodBttstck,types,Tier4
AK_WoodBttstck,types,Tier2
AK_WoodBttstck,types,Tier1
AK_WoodHndgrd,types,Tier3
AK_WoodHndgrd,types,Tier4
AK_WoodHndgrd,types,Tier2
AK_WoodHndgrd,types,Tier1
AliceBag_Black,types,Tier7
AliceBag_Camo,types,Tier4
AliceBag_Camo,types,Tier5
AliceBag_Camo,types,Tier6
AliceBag_Green,types,Tier4
AliceBag_Green,types,Tier9
AmmoBox_00buck_10rnd,types,Tier3
AmmoBox_00buck_10rnd,types,Tier4
AmmoBox_00buck_10rnd,types,Tier5
AmmoBox_00buck_10rnd,types,Tier2
AmmoBox_00buck_10rnd,types,Tier9
AmmoBox_12gaRubberSlug_10Rnd,types,Tier3
AmmoBox_12gaRubberSlug_10Rnd,types,Tier4
AmmoBox_12gaRubberSlug_10Rnd,types,Tier5
AmmoBox_12gaRubberSlug_10Rnd,types,Tier2
AmmoBox_12gaSlug_10Rnd,types,Tier3
AmmoBox_12gaSlug_10Rnd,types,Tier4
AmmoBox_12gaSlug_10Rnd,types,Tier5
AmmoBox_12gaSlug_10Rnd,types,Tier2
AmmoBox_12gaSlug_10Rnd,types,Tier9
AmmoBox_22_50Rnd,types,Tier3
AmmoBox_22_50Rnd,types,Tier4
AmmoBox_22_50Rnd,types,Tier5
AmmoBox_22_50Rnd,types,Tier2
AmmoBox_22_50Rnd,types,Tier9
AmmoBox_308WinTracer_20Rnd,types,Tier3
AmmoBox_308WinTracer_20Rnd,types,Tier4
AmmoBox_308WinTracer_20Rnd,types,Tier5
AmmoBox_308WinTracer_20Rnd,types,Tier7
AmmoBox_308WinTracer_20Rnd,types,Tier6
AmmoBox_308WinTracer_20Rnd,types,Tier9
AmmoBox_308Win_20Rnd,types,Tier3
AmmoBox_308Win_20Rnd,types,Tier4
AmmoBox_308Win_20Rnd,types,Tier5
AmmoBox_308Win_20Rnd,types,Tier9
AmmoBox_308Win_20Rnd,types,Tier7
AmmoBox_308Win_20Rnd,types,Tier6
AmmoBox_308Win_20Rnd,types,Tier8
AmmoBox_357_20Rnd,types,Tier2
AmmoBox_357_20Rnd,types,Tier3
AmmoBox_357_20Rnd,types,Tier4
AmmoBox_357_20Rnd,types,Tier5
AmmoBox_357_20Rnd,types,Tier9
AmmoBox_357_20Rnd,types,Tier7
AmmoBox_357_20Rnd,types,Tier6
AmmoBox_357_20Rnd,types,Tier8
AmmoBox_380_35rnd,types,Tier2
AmmoBox_380_35rnd,types,Tier3
AmmoBox_380_35rnd,types,Tier4
AmmoBox_380_35rnd,types,Tier5
AmmoBox_380_35rnd,types,Tier7
AmmoBox_380_35rnd,types,Tier6
AmmoBox_380_35rnd,types,Tier8
AmmoBox_45ACP_25rnd,types,Tier3
AmmoBox_45ACP_25rnd,types,Tier4
AmmoBox_45ACP_25rnd,types,Tier5
AmmoBox_45ACP_25rnd,types,Tier7
AmmoBox_45ACP_25rnd,types,Tier6
AmmoBox_45ACP_25rnd,types,Tier9
AmmoBox_545x39Tracer_20Rnd,types,Tier3
AmmoBox_545x39Tracer_20Rnd,types,Tier4
AmmoBox_545x39Tracer_20Rnd,types,Tier5
AmmoBox_545x39Tracer_20Rnd,types,Tier7
AmmoBox_545x39Tracer_20Rnd,types,Tier6
AmmoBox_545x39Tracer_20Rnd,types,Tier9
AmmoBox_545x39_20Rnd,types,Tier3
AmmoBox_545x39_20Rnd,types,Tier4
AmmoBox_545x39_20Rnd,types,Tier5
AmmoBox_545x39_20Rnd,types,Tier9
AmmoBox_545x39_20Rnd,types,Tier7
AmmoBox_545x39_20Rnd,types,Tier6
AmmoBox_545x39_20Rnd,types,Tier8
AmmoBox_556x45Tracer_20Rnd,types,Tier3
AmmoBox_556x45Tracer_20Rnd,types,Tier4
AmmoBox_556x45Tracer_20Rnd,types,Tier5
AmmoBox_556x45Tracer_20Rnd,types,Tier7
AmmoBox_556x45Tracer_20Rnd,types,Tier6
AmmoBox_556x45Tracer_20Rnd,types,Tier9
AmmoBox_556x45_20Rnd,types,Tier3
AmmoBox_556x45_20Rnd,types,Tier4
AmmoBox_556x45_20Rnd,types,Tier5
AmmoBox_556x45_20Rnd,types,Tier9
AmmoBox_556x45_20Rnd,types,Tier7
AmmoBox_556x45_20Rnd,types,Tier6
AmmoBox_556x45_20Rnd,types,Tier8
AmmoBox_762x39Tracer_20Rnd,types,Tier3
AmmoBox_762x39Tracer_20Rnd,types,Tier4
AmmoBox_762x39Tracer_20Rnd,types,Tier5
AmmoBox_762x39Tracer_20Rnd,types,Tier7
AmmoBox_762x39Tracer_20Rnd,types,Tier6
AmmoBox_762x39Tracer_20Rnd,types,Tier9
AmmoBox_762x39_20Rnd,types,Tier3
AmmoBox_762x39_20Rnd,types,Tier4
AmmoBox_762x39_20Rnd,types,Tier5
AmmoBox_762x39_20Rnd,types,Tier9
AmmoBox_762x39_20Rnd,types,Tier7
AmmoBox_762x39_20Rnd,types,Tier6
AmmoBox_762x39_20Rnd,types,Tier8
AmmoBox_762x54Tracer_20Rnd,types,Tier3
AmmoBox_762x54Tracer_20Rnd,types,Tier4
AmmoBox_762x54Tracer_20Rnd,types,Tier5
AmmoBox_762x54Tracer_20Rnd,types,Tier7
AmmoBox_762x54Tracer_20Rnd,types,Tier6
AmmoBox_762x54Tracer_20Rnd,types,Tier9
AmmoBox_762x54_20Rnd,types,Tier3
AmmoBox_762x54_20Rnd,types,Tier4
AmmoBox_762x54_20Rnd,types,Tier5
AmmoBox_762x54_20Rnd,types,Tier9
AmmoBox_762x54_20Rnd,types,Tier7
AmmoBox_762x54_20Rnd,types,Tier6
AmmoBox_762x54_20Rnd,types,Tier8
AmmoBox_9x19_25rnd,types,Tier2
AmmoBox_9x19_25rnd,types,Tier3
AmmoBox_9x19_25rnd,types,Tier4
AmmoBox_9x19_25rnd,types,Tier5
AmmoBox_9x19_25rnd,types,Tier7
AmmoBox_9x19_25rnd,types,Tier6
AmmoBox_9x19_25rnd,types,Tier9
AmmoBox_9x39AP_20Rnd,types,Tier5
AmmoBox_9x39AP_20Rnd,types,Tier7
AmmoBox_9x39AP_20Rnd,types,Tier6
AmmoBox_9x39AP_20Rnd,types,Tier9
AmmoBox_9x39_20Rnd,types,Tier3
AmmoBox_9x39_20Rnd,types,Tier4
AmmoBox_9x39_20Rnd,types,Tier5
AmmoBox_9x39_20Rnd,types,Tier7
AmmoBox_9x39_20Rnd,types,Tier6
AmmoBox_9x39_20Rnd,types,Tier9
Ammo_12gaPellets,types,Tier3
Ammo_12gaPellets,types,Tier4
Ammo_12gaPellets,types,Tier2
Ammo_12gaPellets,types,Tier1
Ammo_12gaRubberSlug,types,Tier3
Ammo_12gaRubberSlug,types,Tier4
Ammo_12gaRubberSlug,types,Tier2
Ammo_12gaRubberSlug,types,Tier1
Ammo_12gaSlug,types,Tier3
Ammo_12gaSlug,types,Tier4
Ammo_12gaSlug,types,Tier2
Ammo_12gaSlug,types,Tier1
Ammo_22,types,Tier1
Ammo_22,types,Tier2
Ammo_22,types,Tier3
Ammo_308Win,types,Tier3
Ammo_308Win,types,Tier4
Ammo_308Win,types,Tier2
Ammo_308Win,types,Tier1
Ammo_308Win,types,Tier8
Ammo_308WinTracer,types,Tier2
Ammo_308WinTracer,types,Tier3
Ammo_308WinTracer,types,Tier4
Ammo_357,types,Tier3
Ammo_357,types,Tier4
Ammo_357,types,Tier2
Ammo_357,types,Tier1
Ammo_380,types,Tier3
Ammo_380,types,Tier4
Ammo_380,types,Tier2
Ammo_380,types,Tier1
Ammo_40mm_Explosive,types,Tier3
Ammo_40mm_Explosive,types,Tier4
Ammo_40mm_Explosive,types,Tier5
Ammo_40mm_Explosive,types,Tier6
Ammo_40mm_Explosive,types,Tier7
Ammo_40mm_Smoke_Black,types,Tier3
Ammo_40mm_Smoke_Black,types,Tier4
Ammo_40mm_Smoke_Black,types,Tier5
Ammo_40mm_Smoke_Black,types,Tier6
Ammo_40mm_Smoke_Black,types,Tier7
Ammo_40mm_Smoke_Green,types,Tier3
Ammo_40mm_Smoke_Green,types,Tier4
Ammo_40mm_Smoke_Green,types,Tier5
Ammo_40mm_Smoke_Green,types,Tier6
Ammo_40mm_Smoke_Green,types,Tier7
Ammo_40mm_Smoke_Red,types,Tier3
Ammo_40mm_Smoke_Red,types,Tier4
Ammo_40mm_Smoke_Red,types,Tier5
Ammo_40mm_Smoke_Red,types,Tier6
Ammo_40mm_Smoke_Red,types,Tier7
Ammo_40mm_Smoke_White,types,Tier3
Ammo_40mm_Smoke_White,types,Tier4
Ammo_40mm_Smoke_White,types,Tier5
Ammo_40mm_Smoke_White,types,Tier6
Ammo_40mm_Smoke_White,types,Tier7
Ammo_45ACP,types,Tier1
Ammo_45ACP,types,Tier2
Ammo_45ACP,types,Tier3
Ammo_545x39,types,Tier2
Ammo_545x39,types,Tier3
Ammo_545x39,types,Tier4
Ammo_545x39Tracer,types,Tier3
Ammo_545x39Tracer,types,Tier4
Ammo_556x45,types,Tier2
Ammo_556x45,types,Tier3
Ammo_556x45,types,Tier4
Ammo_556x45Tracer,types,Tier3
Ammo_556x45Tracer,types,Tier4
Ammo_762x39,types,Tier2
Ammo_762x39,types,Tier3
Ammo_762x39,types,Tier4
Ammo_762x39Tracer,types,Tier3
Ammo_762x39Tracer,types,Tier4
Ammo_762x54,types,Tier2
Ammo_762x54,types,Tier3
Ammo_762x54,types,Tier4
Ammo_762x54Tracer,types,Tier3
Ammo_762x54Tracer,types,Tier4
Ammo_9x19,types,Tier1
Ammo_9x19,types,Tier2
Ammo_9x19,types,Tier3
Ammo_9x39,types,Tier3
Ammo_9x39,types,Tier4
Ammo_9x39,types,Tier5
Ammo_9x39AP,types,Tier5
Ammo_9x39AP,types,Tier6
Ammo_40mm_ChemGas,types,Tier4
Ammo_40mm_ChemGas,types,Tier5
Ammo_40mm_ChemGas,types,Tier6
Ammo_40mm_ChemGas,types,Tier7
Ammo_40mm_ChemGas,types,Tier9
Ammo_Flare,types,Tier1
Ammo_Flare,types,Tier2
Ammo_Flare,types,Tier3
Ammo_Flare,types,Tier4
Ammo_FlareBlue,types,Tier1
Ammo_FlareBlue,types,Tier2
Ammo_FlareBlue,types,Tier3
Ammo_FlareBlue,types,Tier4
Ammo_FlareGreen,types,Tier1
Ammo_FlareGreen,types,Tier2
Ammo_FlareGreen,types,Tier3
Ammo_FlareGreen,types,Tier4
Ammo_FlareRed,types,Tier1
Ammo_FlareRed,types,Tier2
Ammo_FlareRed,types,Tier3
Ammo_FlareRed,types,Tier4
Ammo_HuntingBolt,types,Tier3
Ammo_HuntingBolt,types,Tier4
Ammo_HuntingBolt,types,Tier5
Ammo_HuntingBolt,types,Tier2
AntiChemInjector,types,Tier3
AntiChemInjector,types,Tier4
AntiChemInjector,types,Tier5
AntiChemInjector,types,Tier6
AntiChemInjector,types,Tier7
AntiChemInjector,types,Tier8
AntiChemInjector,types,Tier9
ArmyPouch_Beige,types,Tier1
ArmyPouch_Beige,types,Tier2
ArmyPouch_Black,types,Tier2
ArmyPouch_Camo,types,Tier1
ArmyPouch_Camo,types,Tier2
ArmyPouch_Green,types,Tier2
ArmyPouch_Green,types,Tier1
ArmyPouch_Green,types,Tier8
AssaultBag_Black,types,Tier4
AssaultBag_Green,types,Tier3
AssaultBag_Green,types,Tier4
AssaultBag_Green,types,Tier5
AssaultBag_Green,types,Tier6
AssaultBag_Green,types,Tier8
AssaultBag_Ttsko,types,Tier3
AssaultBag_Ttsko,types,Tier4
AssaultBag_Ttsko,types,Tier5
AssaultBag_Ttsko,types,Tier6
AssaultBag_Winter,types,Tier8
ASVAL,types,Tier5
ASVAL,types,Tier9
ASVAL,types,Tier7
ASVAL,types,Tier6
ASVAL,types,Tier8
AthleticShoes_Black,types,Tier1
AthleticShoes_Black,types,Tier2
AthleticShoes_Black,types,Tier3
AthleticShoes_Black,types,Tier4
AthleticShoes_Blue,types,Tier1
AthleticShoes_Blue,types,Tier2
AthleticShoes_Blue,types,Tier3
AthleticShoes_Blue,types,Tier4
AthleticShoes_Brown,types,Tier1
AthleticShoes_Brown,types,Tier2
AthleticShoes_Brown,types,Tier3
AthleticShoes_Brown,types,Tier4
AthleticShoes_Green,types,Tier1
AthleticShoes_Green,types,Tier2
AthleticShoes_Green,types,Tier3
AthleticShoes_Green,types,Tier4
AthleticShoes_Grey,types,Tier1
AthleticShoes_Grey,types,Tier2
AthleticShoes_Grey,types,Tier3
AthleticShoes_Grey,types,Tier4
Aug,types,Tier5
Aug,types,Tier9
Aug,types,Tier8
AugShort,types,Tier3
AugShort,types,Tier4
AugShort,types,Tier5
AugShort,types,Tier7
AugShort,types,Tier6
AugShort,types,Tier9
B95,types,Tier2
BDUJacket,types,Tier3
BDUJacket,types,Tier4
BDUJacket,types,Tier5
BDUJacket,types,Tier6
BDUJacket,types,Tier9
BDUPants,types,Tier3
BDUPants,types,Tier4
BDUPants,types,Tier5
BDUPants,types,Tier6
BDUPants,types,Tier9
BUISOptic,types,Tier3
BUISOptic,types,Tier4
BUISOptic,types,Tier5
BUISOptic,types,Tier2
BUISOptic,types,Tier1
BakedBeansCan,types,Tier3
BakedBeansCan,types,Tier4
Balaclava3Holes_Beige,types,Tier3
Balaclava3Holes_Beige,types,Tier4
Balaclava3Holes_Beige,types,Tier5
Balaclava3Holes_Black,types,Tier3
Balaclava3Holes_Black,types,Tier4
Balaclava3Holes_Black,types,Tier5
Balaclava3Holes_Blue,types,Tier3
Balaclava3Holes_Blue,types,Tier4
Balaclava3Holes_Blue,types,Tier5
Balaclava3Holes_Green,types,Tier3
Balaclava3Holes_Green,types,Tier4
Balaclava3Holes_Green,types,Tier5
Balaclava3Holes_White,types,Tier8
BalaclavaMask_BDU,types,Tier4
BalaclavaMask_BDU,types,Tier5
BalaclavaMask_BDU,types,Tier7
BalaclavaMask_BDU,types,Tier6
BalaclavaMask_Chain,types,Tier9
BalaclavaMask_Black,types,Tier6
BalaclavaMask_Blackskull,types,Tier7
BalaclavaMask_Blue,types,Tier4
BalaclavaMask_White,types,Tier5
BallisticHelmet_BDU,types,Tier5
BallisticHelmet_BDU,types,Tier6
BallisticHelmet_BDU,types,Tier7
BallisticHelmet_Desert,types,Tier3
BallisticHelmet_Desert,types,Tier4
BallisticHelmet_Desert,types,Tier5
BallisticHelmet_Desert,types,Tier6
BallisticHelmet_Desert,types,Tier7
BallisticHelmet_Winter,types,Tier8
BallisticHelmet_UN,types,Tier3
BallisticHelmet_UN,types,Tier4
BallisticHelmet_UN,types,Tier5
BallisticHelmet_UN,types,Tier6
BallisticHelmet_UN,types,Tier7
BallisticHelmet_Woodland,types,Tier5
BallisticHelmet_Woodland,types,Tier6
BallisticHelmet_Woodland,types,Tier7
BaseballBat,types,Tier2
BaseballBat,types,Tier1
Binoculars,types,Tier3
Binoculars,types,Tier4
Binoculars,types,Tier2
Binoculars,types,Tier1
Blouse_Blue,types,Tier1
Blouse_Blue,types,Tier2
Blouse_Green,types,Tier1
Blouse_Green,types,Tier2
Blouse_Violet,types,Tier1
Blouse_Violet,types,Tier2
Blouse_White,types,Tier1
Blouse_White,types,Tier2
BomberJacket_Black,types,Tier2
BomberJacket_Black,types,Tier1
BomberJacket_Blue,types,Tier2
BomberJacket_Blue,types,Tier1
BomberJacket_Brown,types,Tier2
BomberJacket_Brown,types,Tier1
BomberJacket_Grey,types,Tier2
BomberJacket_Grey,types,Tier1
BomberJacket_Maroon,types,Tier2
BomberJacket_Maroon,types,Tier1
BomberJacket_Olive,types,Tier2
BomberJacket_Olive,types,Tier1
BomberJacket_SkyBlue,types,Tier2
BomberJacket_SkyBlue,types,Tier1
BoxCerealCrunchin,types,Tier1
BoxCerealCrunchin,types,Tier2
BrisketSpread,types,Tier1
BrisketSpread,types,Tier2
Broom,types,Tier3
Broom,types,Tier4
Broom,types,Tier5
Broom,types,Tier2
Broom,types,Tier1
BudenovkaHat_Gray,types,Tier3
BudenovkaHat_Gray,types,Tier4
BudenovkaHat_Gray,types,Tier5
BurlapSack,types,Tier3
BurlapSack,types,Tier4
BurlapSack,types,Tier5
BurlapSack,types,Tier2
CatFoodCan,types,Tier1
CatFoodCan,types,Tier2
CanvasBag_Medical,types,Tier3
CanvasBag_Medical,types,Tier2
CanvasBag_Medical,types,Tier1
CanvasBag_Olive,types,Tier1
CanvasBag_Olive,types,Tier2
ChelatingTablets,types,Tier2
ChelatingTablets,types,Tier3
ChelatingTablets,types,Tier4
ChelatingTablets,types,Tier5
CZ527,types,Tier2
CZ527,types,Tier3
CZ527,types,Tier4
CZ550,types,Tier3
CZ550,types,Tier4
CZ550,types,Tier5
CrudeMachete,types,Tier3
CrudeMachete,types,Tier2
CrudeMachete,types,Tier1
CrudeMachete,types,Tier9
Chainmail,types,Tier9
Chainmail_Coif,types,Tier9
Chainmail_Leggings,types,Tier9
Chestplate,types,Tier9
Chips,types,Tier1
Chips,types,Tier2
ClaymoreMine,types,Tier3
ClaymoreMine,types,Tier4
ClaymoreMine,types,Tier5
ClaymoreMine,types,Tier6
ClaymoreMine,types,Tier7
ClaymoreMine,types,Tier8
ClaymoreMine,types,Tier9
Crackers,types,Tier1
Crackers,types,Tier2
Crossbow_Autumn,types,Tier2
Crossbow_Autumn,types,Tier3
Crossbow_Summer,types,Tier2
Crossbow_Summer,types,Tier3
Crossbow_Wood,types,Tier2
Crossbow_Wood,types,Tier3
Crossbow_Black,types,Tier2
Crossbow_Black,types,Tier3
CZ61,types,Tier2
CZ75,types,Tier3
CZ75,types,Tier2
CableReel,types,Tier3
CableReel,types,Tier4
CableReel,types,Tier5
CableReel,types,Tier2
Camonet,types,Tier3
Camonet,types,Tier4
Camonet,types,Tier5
CanOpener,types,Tier2
CanOpener,types,Tier3
CanOpener,types,Tier4
CanOpener,types,Tier5
Canteen,types,Tier3
Canteen,types,Tier4
Canteen,types,Tier5
Canteen,types,Tier9
Chemlight_Blue,types,Tier1
Chemlight_Blue,types,Tier2
Chemlight_Blue,types,Tier3
Chemlight_Blue,types,Tier4
Chemlight_Blue,types,Tier5
Chemlight_Green,types,Tier1
Chemlight_Green,types,Tier2
Chemlight_Green,types,Tier3
Chemlight_Green,types,Tier4
Chemlight_Green,types,Tier5
Chemlight_Red,types,Tier1
Chemlight_Red,types,Tier2
Chemlight_Red,types,Tier3
Chemlight_Red,types,Tier4
Chemlight_Red,types,Tier5
Chemlight_White,types,Tier1
Chemlight_White,types,Tier2
Chemlight_White,types,Tier3
Chemlight_White,types,Tier4
Chemlight_White,types,Tier5
Chemlight_Yellow,types,Tier1
Chemlight_Yellow,types,Tier2
Chemlight_Yellow,types,Tier3
Chemlight_Yellow,types,Tier4
Chemlight_Yellow,types,Tier5
ChernarusMap,types,Tier3
ChernarusMap,types,Tier2
ChernarusMap,types,Tier1
ChildBag_Blue,types,Tier1
ChildBag_Blue,types,Tier2
ChildBag_Green,types,Tier1
ChildBag_Green,types,Tier2
ChildBag_Red,types,Tier1
ChildBag_Red,types,Tier2
CivilianBelt,types,Tier3
CivilianBelt,types,Tier4
CivilianBelt,types,Tier5
CivilianBelt,types,Tier2
Colt1911,types,Tier2
CombatBoots_Beige,types,Tier3
CombatBoots_Beige,types,Tier4
CombatBoots_Beige,types,Tier5
CombatBoots_Beige,types,Tier6
CombatBoots_Beige,types,Tier9
CombatBoots_Black,types,Tier7
CombatBoots_Brown,types,Tier3
CombatBoots_Brown,types,Tier4
CombatBoots_Brown,types,Tier5
CombatBoots_Brown,types,Tier6
CombatBoots_Brown,types,Tier9
CombatBoots_Green,types,Tier3
CombatBoots_Green,types,Tier4
CombatBoots_Green,types,Tier5
CombatBoots_Green,types,Tier6
CombatBoots_Green,types,Tier9
CombatBoots_Grey,types,Tier3
CombatBoots_Grey,types,Tier4
CombatBoots_Grey,types,Tier5
CombatBoots_Grey,types,Tier6
CombatBoots_Grey,types,Tier9
CombatKnife,types,Tier3
CombatKnife,types,Tier4
CombatKnife,types,Tier5
CombatKnife,types,Tier9
CombatKnife,types,Tier6
CombatKnife,types,Tier8
Compass,types,Tier3
Compass,types,Tier4
Compass,types,Tier9
Compass,types,Tier2
Compass,types,Tier1
CoyoteBag_Brown,types,Tier3
CoyoteBag_Brown,types,Tier4
CoyoteBag_Brown,types,Tier5
CoyoteBag_Brown,types,Tier6
CoyoteBag_Brown,types,Tier9
CoyoteBag_Green,types,Tier3
CoyoteBag_Green,types,Tier4
CoyoteBag_Green,types,Tier5
CoyoteBag_Green,types,Tier6
CoyoteBag_Green,types,Tier9
CoyoteBag_Winter,types,Tier5
CoyoteBag_Winter,types,Tier8
Crowbar,types,Tier3
Crowbar,types,Tier2
Crowbar,types,Tier1
CrabCan,types,Tier4
CrabCan_Opened,types,Tier2
CrabCan_Opened,types,Tier3
CrabCan_Opened,types,Tier4
DarkMotoHelmet_Black,types,Tier1
DarkMotoHelmet_Black,types,Tier2
DarkMotoHelmet_Black,types,Tier3
DarkMotoHelmet_Black,types,Tier4
DarkMotoHelmet_Blue,types,Tier1
DarkMotoHelmet_Blue,types,Tier2
DarkMotoHelmet_Blue,types,Tier3
DarkMotoHelmet_Blue,types,Tier4
DarkMotoHelmet_Green,types,Tier1
DarkMotoHelmet_Green,types,Tier2
DarkMotoHelmet_Green,types,Tier3
DarkMotoHelmet_Green,types,Tier4
DarkMotoHelmet_Grey,types,Tier1
DarkMotoHelmet_Grey,types,Tier2
DarkMotoHelmet_Grey,types,Tier3
DarkMotoHelmet_Grey,types,Tier4
DarkMotoHelmet_Lime,types,Tier1
DarkMotoHelmet_Lime,types,Tier2
DarkMotoHelmet_Lime,types,Tier3
DarkMotoHelmet_Lime,types,Tier4
DarkMotoHelmet_Red,types,Tier1
DarkMotoHelmet_Red,types,Tier2
DarkMotoHelmet_Red,types,Tier3
DarkMotoHelmet_Red,types,Tier4
DarkMotoHelmet_White,types,Tier1
DarkMotoHelmet_White,types,Tier2
DarkMotoHelmet_White,types,Tier3
DarkMotoHelmet_White,types,Tier4
DarkMotoHelmet_Yellow,types,Tier1
DarkMotoHelmet_Yellow,types,Tier2
DarkMotoHelmet_Yellow,types,Tier3
DarkMotoHelmet_Yellow,types,Tier4
DarkMotoHelmet_YellowScarred,types,Tier1
DarkMotoHelmet_YellowScarred,types,Tier2
DarkMotoHelmet_YellowScarred,types,Tier3
DarkMotoHelmet_YellowScarred,types,Tier4
Defibrillator,types,Tier3
Defibrillator,types,Tier4
Defibrillator,types,Tier5
Defibrillator,types,Tier6
Defibrillator,types,Tier7
Defibrillator,types,Tier8
Defibrillator,types,Tier9
Derringer_Black,types,Tier1
Derringer_Black,types,Tier2
Derringer_Grey,types,Tier2
Derringer_Grey,types,Tier1
Derringer_Pink,types,Tier1
Derringer_Pink,types,Tier2
Deagle,types,Tier2
Deagle_Gold,types,Tier5
DogFoodCan,types,Tier1
DogFoodCan,types,Tier2
DownJacket_Blue,types,Tier3
DownJacket_Blue,types,Tier4
DownJacket_Blue,types,Tier5
DownJacket_Green,types,Tier3
DownJacket_Green,types,Tier4
DownJacket_Green,types,Tier5
DownJacket_Orange,types,Tier3
DownJacket_Orange,types,Tier4
DownJacket_Red,types,Tier3
DownJacket_Red,types,Tier4
DryBag_Black,types,Tier3
DryBag_Black,types,Tier4
DryBag_Black,types,Tier2
DryBag_Blue,types,Tier3
DryBag_Blue,types,Tier4
DryBag_Blue,types,Tier2
DryBag_Green,types,Tier3
DryBag_Green,types,Tier4
DryBag_Green,types,Tier2
DryBag_Orange,types,Tier3
DryBag_Orange,types,Tier4
DryBag_Orange,types,Tier2
DryBag_Red,types,Tier3
DryBag_Red,types,Tier4
DryBag_Red,types,Tier2
DryBag_Yellow,types,Tier3
DryBag_Yellow,types,Tier4
DryBag_Yellow,types,Tier2
DuffelBagSmall_Camo,types,Tier1
DuffelBagSmall_Camo,types,Tier2
DuffelBagSmall_Green,types,Tier1
DuffelBagSmall_Green,types,Tier2
DuffelBagSmall_Medical,types,Tier1
DuffelBagSmall_Medical,types,Tier2
Engraved1911,types,Tier2
Engraved1911,types,Tier3
FAL,types,Tier9
FAL,types,Tier8
FAL,types,Tier7
FilteringBottle,types,Tier4
FilteringBottle,types,Tier5
FNP45_MRDSOptic,types,Tier4
FNP45_MRDSOptic,types,Tier7
FNP45_MRDSOptic,types,Tier5
FNP45_MRDSOptic,types,Tier3
FNP45_MRDSOptic,types,Tier6
FNX45,types,Tier3
FNX45,types,Tier4
FNX45,types,Tier8
Fal_FoldingBttstck,types,Tier5
Fal_FoldingBttstck,types,Tier6
Fal_FoldingBttstck,types,Tier7
Fal_OeBttstck,types,Tier5
Fal_OeBttstck,types,Tier6
Fal_OeBttstck,types,Tier7
FAMAS,types,Tier3
FAMAS,types,Tier4
FAMAS,types,Tier5
FAMAS,types,Tier6
FirstAidKit,types,Tier3
FirstAidKit,types,Tier4
FirstAidKit,types,Tier5
FirstAidKit,types,Tier6
Flaregun,types,Tier1
Flaregun,types,Tier2
Flaregun,types,Tier3
Flaregun,types,Tier4
FlashGrenade,types,Tier3
FlashGrenade,types,Tier4
FlashGrenade,types,Tier5
FlashGrenade,types,Tier6
FlashGrenade,types,Tier2
FlashGrenade,types,Tier1
Flashlight,types,Tier1
Flashlight,types,Tier2
Flashlight,types,Tier3
FryingPan,types,Tier1
FryingPan,types,Tier2
FryingPan,types,Tier3
FryingPan,types,Tier4
GP5GasMask,types,Tier3
GP5GasMask,types,Tier4
GP5GasMask,types,Tier5
GP5GasMask,types,Tier7
GP5GasMask,types,Tier6
GasMask,types,Tier3
GasMask,types,Tier4
GasMask,types,Tier5
GasMask,types,Tier7
GasMask,types,Tier6
GasMask_Filter,types,Tier3
GasMask_Filter,types,Tier4
GasMask_Filter,types,Tier5
GhillieAtt_Mossy,types,Tier7
GhillieAtt_Tan,types,Tier6
GhillieAtt_Woodland,types,Tier2
GhillieAtt_Woodland,types,Tier3
GhillieAtt_Woodland,types,Tier4
GhillieAtt_Woodland,types,Tier5
GhillieAtt_Woodland,types,Tier6
GhillieAtt_Woodland,types,Tier7
GhillieAtt_Woodland,types,Tier8
GhillieAtt_Woodland,types,Tier9
GhillieBushrag_Mossy,types,Tier7
GhillieBushrag_Tan,types,Tier6
GhillieBushrag_Woodland,types,Tier2
GhillieBushrag_Woodland,types,Tier3
GhillieBushrag_Woodland,types,Tier4
GhillieBushrag_Woodland,types,Tier5
GhillieBushrag_Woodland,types,Tier6
GhillieBushrag_Woodland,types,Tier7
GhillieBushrag_Woodland,types,Tier8
GhillieBushrag_Woodland,types,Tier9
GhillieHood_Mossy,types,Tier7
GhillieHood_Tan,types,Tier6
GhillieHood_Woodland,types,Tier2
GhillieHood_Woodland,types,Tier3
GhillieHood_Woodland,types,Tier4
GhillieHood_Woodland,types,Tier5
GhillieHood_Woodland,types,Tier6
GhillieHood_Woodland,types,Tier7
GhillieHood_Woodland,types,Tier8
GhillieHood_Woodland,types,Tier9
GhillieSuit_Mossy,types,Tier7
GhillieSuit_Tan,types,Tier6
GhillieSuit_Woodland,types,Tier3
GhillieSuit_Woodland,types,Tier4
GhillieSuit_Woodland,types,Tier5
GhillieSuit_Woodland,types,Tier9
GhillieSuit_Woodland,types,Tier8
GhillieSuit_Woodland,types,Tier7
GhillieSuit_Woodland,types,Tier6
GhillieSuit_Woodland,types,Tier2
GhillieTop_Mossy,types,Tier7
GhillieTop_Tan,types,Tier6
GhillieTop_Woodland,types,Tier2
GhillieTop_Woodland,types,Tier3
GhillieTop_Woodland,types,Tier4
GhillieTop_Woodland,types,Tier5
GhillieTop_Woodland,types,Tier6
GhillieTop_Woodland,types,Tier7
GhillieTop_Woodland,types,Tier8
GhillieTop_Woodland,types,Tier9
GhillieAtt_Winter,types,Tier5
GhillieAtt_Winter,types,Tier8
GhillieBushrag_Winter,types,Tier5
GhillieBushrag_Winter,types,Tier8
GhillieHood_Winter,types,Tier5
GhillieHood_Winter,types,Tier8
GhillieSuit_Winter,types,Tier5
GhillieSuit_Winter,types,Tier8
GhillieTop_Winter,types,Tier5
GhillieTop_Winter,types,Tier8
Glock19,types,Tier2
GlowPlug,types,Tier3
GlowPlug,types,Tier4
GlowPlug,types,Tier5
GlowPlug,types,Tier2
GorkaEJacket_Autumn,types,Tier3
GorkaEJacket_Autumn,types,Tier4
GorkaEJacket_Autumn,types,Tier5
GorkaEJacket_Autumn,types,Tier7
GorkaEJacket_Autumn,types,Tier6
GorkaEJacket_Autumn,types,Tier9
GorkaEJacket_Flat,types,Tier3
GorkaEJacket_Flat,types,Tier4
GorkaEJacket_Flat,types,Tier5
GorkaEJacket_Flat,types,Tier7
GorkaEJacket_Flat,types,Tier6
GorkaEJacket_Flat,types,Tier9
GorkaEJacket_PautRev,types,Tier3
GorkaEJacket_PautRev,types,Tier4
GorkaEJacket_PautRev,types,Tier5
GorkaEJacket_PautRev,types,Tier7
GorkaEJacket_PautRev,types,Tier6
GorkaEJacket_PautRev,types,Tier9
GorkaEJacket_Summer,types,Tier3
GorkaEJacket_Summer,types,Tier4
GorkaEJacket_Summer,types,Tier5
GorkaEJacket_Summer,types,Tier7
GorkaEJacket_Summer,types,Tier6
GorkaEJacket_Summer,types,Tier9
GorkaEJacket_Winter,types,Tier5
GorkaPants_Winter,types,Tier5
GorkaHelmet,types,Tier1
GorkaHelmet,types,Tier2
GorkaHelmet,types,Tier3
GorkaHelmet,types,Tier4
GorkaHelmet,types,Tier5
GorkaHelmet,types,Tier6
GorkaHelmet,types,Tier7
GorkaHelmet,types,Tier8
GorkaHelmet,types,Tier9
GorkaHelmetVisor,types,Tier1
GorkaHelmetVisor,types,Tier2
GorkaHelmetVisor,types,Tier3
GorkaHelmetVisor,types,Tier4
GorkaHelmetVisor,types,Tier5
GorkaHelmetVisor,types,Tier6
GorkaHelmetVisor,types,Tier7
GorkaHelmetVisor,types,Tier8
GorkaHelmetVisor,types,Tier9
GorkaPants_Autumn,types,Tier3
GorkaPants_Autumn,types,Tier4
GorkaPants_Autumn,types,Tier5
GorkaPants_Autumn,types,Tier6
GorkaPants_Autumn,types,Tier9
GorkaPants_Flat,types,Tier3
GorkaPants_Flat,types,Tier4
GorkaPants_Flat,types,Tier5
GorkaPants_Flat,types,Tier6
GorkaPants_PautRev,types,Tier3
GorkaPants_PautRev,types,Tier4
GorkaPants_PautRev,types,Tier5
GorkaPants_PautRev,types,Tier6
GorkaPants_Summer,types,Tier3
GorkaPants_Summer,types,Tier4
GorkaPants_Summer,types,Tier5
GorkaPants_Summer,types,Tier6
Grenade_ChemGas,types,Tier9
HipPack_Black,types,Tier3
HipPack_Black,types,Tier2
HipPack_Black,types,Tier1
HipPack_Green,types,Tier3
HipPack_Green,types,Tier2
HipPack_Green,types,Tier1
HipPack_Medical,types,Tier3
HipPack_Medical,types,Tier2
HipPack_Medical,types,Tier1
HipPack_Party,types,Tier3
HipPack_Party,types,Tier2
HipPack_Party,types,Tier1
Headtorch_Black,types,Tier3
Headtorch_Black,types,Tier4
Headtorch_Black,types,Tier2
Headtorch_Grey,types,Tier3
Headtorch_Grey,types,Tier4
Headtorch_Grey,types,Tier2
Heatpack,types,Tier3
Heatpack,types,Tier4
Heatpack,types,Tier5
Heatpack,types,Tier8
Heatpack,types,Tier7
Heatpack,types,Tier6
HighCapacityVest_Black,types,Tier7
HighCapacityVest_Olive,types,Tier3
HighCapacityVest_Olive,types,Tier4
HighCapacityVest_Olive,types,Tier5
HikingBootsLow_Beige,types,Tier1
HikingBootsLow_Beige,types,Tier2
HikingBootsLow_Black,types,Tier1
HikingBootsLow_Black,types,Tier2
HikingBootsLow_Blue,types,Tier1
HikingBootsLow_Blue,types,Tier2
HikingBootsLow_Grey,types,Tier1
HikingBootsLow_Grey,types,Tier2
HikingBoots_Black,types,Tier2
HikingBoots_Black,types,Tier3
HikingBoots_Brown,types,Tier2
HikingBoots_Brown,types,Tier3
HikingJacket_Black,types,Tier1
HikingJacket_Black,types,Tier2
HikingJacket_Black,types,Tier3
HikingJacket_Black,types,Tier4
HikingJacket_Blue,types,Tier1
HikingJacket_Blue,types,Tier2
HikingJacket_Blue,types,Tier3
HikingJacket_Blue,types,Tier4
HikingJacket_Green,types,Tier1
HikingJacket_Green,types,Tier2
HikingJacket_Green,types,Tier3
HikingJacket_Green,types,Tier4
HikingJacket_Red,types,Tier1
HikingJacket_Red,types,Tier2
HikingJacket_Red,types,Tier3
HikingJacket_Red,types,Tier4
HockeyHelmet_Black,types,Tier1
HockeyHelmet_Black,types,Tier2
HockeyHelmet_Blue,types,Tier1
HockeyHelmet_Blue,types,Tier2
HockeyHelmet_Red,types,Tier1
HockeyHelmet_Red,types,Tier2
HockeyHelmet_White,types,Tier1
HockeyHelmet_White,types,Tier2
Honey,types,Tier3
Honey,types,Tier4
Honey,types,Tier2
HunterPants_Autumn,types,Tier2
HunterPants_Autumn,types,Tier3
HunterPants_Autumn,types,Tier4
HunterPants_Brown,types,Tier2
HunterPants_Brown,types,Tier3
HunterPants_Brown,types,Tier4
HunterPants_Spring,types,Tier2
HunterPants_Spring,types,Tier3
HunterPants_Spring,types,Tier4
HunterPants_Summer,types,Tier2
HunterPants_Summer,types,Tier3
HunterPants_Summer,types,Tier4
HunterPants_Winter,types,Tier3
HunterPants_Winter,types,Tier4
HunterPants_Winter,types,Tier5
HuntingBag,types,Tier3
HuntingBag,types,Tier4
HuntingBag,types,Tier5
HuntingJacket_Autumn,types,Tier2
HuntingJacket_Autumn,types,Tier3
HuntingJacket_Autumn,types,Tier4
HuntingJacket_Brown,types,Tier2
HuntingJacket_Brown,types,Tier3
HuntingJacket_Brown,types,Tier4
HuntingJacket_Spring,types,Tier2
HuntingJacket_Spring,types,Tier3
HuntingJacket_Spring,types,Tier4
HuntingJacket_Summer,types,Tier2
HuntingJacket_Summer,types,Tier3
HuntingJacket_Summer,types,Tier4
HuntingJacket_Winter,types,Tier3
HuntingJacket_Winter,types,Tier4
HuntingJacket_Winter,types,Tier5
HuntingOptic,types,Tier3
HuntingOptic,types,Tier4
HuntingOptic,types,Tier5
HuntingVest,types,Tier3
HuntingVest,types,Tier2
HuntingVest_Winter,types,Tier5
HuntingVest_Winter,types,Tier8
Izh18,types,Tier2
Izh43Shotgun,types,Tier2
Izh43Shotgun,types,Tier3
Jig,types,Tier1
Jig,types,Tier2
Jeans_Blue,types,Tier1
Jeans_BlueDark,types,Tier1
Jeans_Green,types,Tier1
JoggingShoes_Black,types,Tier1
JoggingShoes_Black,types,Tier2
JoggingShoes_Black,types,Tier3
JoggingShoes_Black,types,Tier4
JoggingShoes_Blue,types,Tier1
JoggingShoes_Blue,types,Tier2
JoggingShoes_Blue,types,Tier3
JoggingShoes_Blue,types,Tier4
JoggingShoes_Red,types,Tier1
JoggingShoes_Red,types,Tier2
JoggingShoes_Red,types,Tier3
JoggingShoes_Red,types,Tier4
JoggingShoes_Violet,types,Tier1
JoggingShoes_Violet,types,Tier2
JoggingShoes_Violet,types,Tier3
JoggingShoes_Violet,types,Tier4
JoggingShoes_White,types,Tier1
JoggingShoes_White,types,Tier2
JoggingShoes_White,types,Tier3
JoggingShoes_White,types,Tier4
JumpsuitJacket_Blue,types,Tier1
JumpsuitJacket_Blue,types,Tier2
JumpsuitJacket_Gray,types,Tier1
JumpsuitJacket_Gray,types,Tier2
JumpsuitJacket_Green,types,Tier1
JumpsuitJacket_Green,types,Tier2
JumpsuitJacket_Red,types,Tier1
JumpsuitJacket_Red,types,Tier2
JumpsuitPants_Blue,types,Tier1
JumpsuitPants_Blue,types,Tier2
JumpsuitPants_Green,types,Tier1
JumpsuitPants_Green,types,Tier2
JumpsuitPants_Grey,types,Tier1
JumpsuitPants_Grey,types,Tier2
JumpsuitPants_Red,types,Tier1
JumpsuitPants_Red,types,Tier2
JungleBoots_Beige,types,Tier3
JungleBoots_Beige,types,Tier4
JungleBoots_Beige,types,Tier5
JungleBoots_Black,types,Tier3
JungleBoots_Black,types,Tier4
JungleBoots_Black,types,Tier5
JungleBoots_Brown,types,Tier3
JungleBoots_Brown,types,Tier4
JungleBoots_Brown,types,Tier5
JungleBoots_Green,types,Tier3
JungleBoots_Green,types,Tier4
JungleBoots_Green,types,Tier5
JungleBoots_Olive,types,Tier3
JungleBoots_Olive,types,Tier4
JungleBoots_Olive,types,Tier5
KashtanOptic,types,Tier4
KashtanOptic,types,Tier7
KashtanOptic,types,Tier5
KashtanOptic,types,Tier3
KashtanOptic,types,Tier6
KazuarOptic,types,Tier7
KazuarOptic,types,Tier6
KobraOptic,types,Tier4
KobraOptic,types,Tier7
KobraOptic,types,Tier5
KobraOptic,types,Tier3
KobraOptic,types,Tier6
LargeTent,types,Tier3
LargeTent,types,Tier4
LargeTent,types,Tier5
Longhorn,types,Tier3
Lunchmeat,types,Tier1
Lunchmeat,types,Tier2
Izh18Shotgun,types,Tier2
Izh18Shotgun,types,Tier3
M14,types,Tier8
M18SmokeGrenade_Green,types,Tier3
M18SmokeGrenade_Green,types,Tier4
M18SmokeGrenade_Green,types,Tier5
M18SmokeGrenade_Green,types,Tier2
M18SmokeGrenade_Green,types,Tier1
M18SmokeGrenade_Green,types,Tier9
M18SmokeGrenade_Purple,types,Tier1
M18SmokeGrenade_Purple,types,Tier2
M18SmokeGrenade_Purple,types,Tier3
M18SmokeGrenade_Purple,types,Tier4
M18SmokeGrenade_Red,types,Tier1
M18SmokeGrenade_Red,types,Tier2
M18SmokeGrenade_Red,types,Tier3
M18SmokeGrenade_Red,types,Tier4
M18SmokeGrenade_White,types,Tier1
M18SmokeGrenade_White,types,Tier2
M18SmokeGrenade_White,types,Tier3
M18SmokeGrenade_White,types,Tier4
M18SmokeGrenade_Yellow,types,Tier1
M18SmokeGrenade_Yellow,types,Tier2
M18SmokeGrenade_Yellow,types,Tier3
M18SmokeGrenade_Yellow,types,Tier4
M16A2,types,Tier3
M16A2,types,Tier4
M16A2,types,Tier5
M16A2,types,Tier9
M16A2,types,Tier8
M4A1,types,Tier9
M4A1,types,Tier8
M4A1,types,Tier7
M4_CQBBttstck,types,Tier3
M4_CQBBttstck,types,Tier4
M4_CQBBttstck,types,Tier5
M4_CQBBttstck,types,Tier2
M4_CQBBttstck,types,Tier1
M4_CarryHandleOptic,types,Tier7
M4_CarryHandleOptic,types,Tier6
M4_MPBttstck,types,Tier3
M4_MPBttstck,types,Tier4
M4_MPBttstck,types,Tier5
M4_MPBttstck,types,Tier2
M4_MPBttstck,types,Tier1
M4_MPHndgrd,types,Tier3
M4_MPHndgrd,types,Tier4
M4_MPHndgrd,types,Tier5
M4_MPHndgrd,types,Tier2
M4_MPHndgrd,types,Tier1
M4_OEBttstck,types,Tier3
M4_OEBttstck,types,Tier4
M4_OEBttstck,types,Tier5
M4_OEBttstck,types,Tier2
M4_OEBttstck,types,Tier1
M4_PlasticHndgrd,types,Tier3
M4_PlasticHndgrd,types,Tier4
M4_PlasticHndgrd,types,Tier5
M4_PlasticHndgrd,types,Tier2
M4_PlasticHndgrd,types,Tier1
M4_RISHndgrd,types,Tier3
M4_RISHndgrd,types,Tier4
M4_RISHndgrd,types,Tier5
M4_RISHndgrd,types,Tier2
M4_RISHndgrd,types,Tier1
M4_Suppressor,types,Tier9
M4_Suppressor,types,Tier7
M4_T3NRDSOptic,types,Tier7
M4_T3NRDSOptic,types,Tier6
M65Jacket_Black,types,Tier7
M65Jacket_Khaki,types,Tier3
M65Jacket_Khaki,types,Tier4
M65Jacket_Khaki,types,Tier5
M65Jacket_Khaki,types,Tier6
M65Jacket_Khaki,types,Tier7
M65Jacket_Khaki,types,Tier8
M65Jacket_Khaki,types,Tier9
M65Jacket_Olive,types,Tier3
M65Jacket_Olive,types,Tier4
M65Jacket_Olive,types,Tier5
M65Jacket_Olive,types,Tier6
M65Jacket_Tan,types,Tier3
M65Jacket_Tan,types,Tier4
M65Jacket_Tan,types,Tier5
M65Jacket_Tan,types,Tier6
M65Jacket_Tan,types,Tier8
M67Grenade,types,Tier5
M67Grenade,types,Tier6
M67Grenade,types,Tier7
M68Optic,types,Tier4
M68Optic,types,Tier7
M68Optic,types,Tier5
M68Optic,types,Tier3
M68Optic,types,Tier6
M79,types,Tier3
M79,types,Tier4
M79,types,Tier5
M79,types,Tier9
M79,types,Tier8
M79,types,Tier6
M9A1_Bayonet,types,Tier3
M9A1_Bayonet,types,Tier4
M9A1_Bayonet,types,Tier2
M9A1_Bayonet,types,Tier1
MKII,types,Tier3
MKII,types,Tier4
MP5K,types,Tier3
MP5K,types,Tier4
MP5K,types,Tier5
MP5_Compensator,types,Tier3
MP5_Compensator,types,Tier4
MP5_Compensator,types,Tier5
MP5_PlasticHndgrd,types,Tier3
MP5_PlasticHndgrd,types,Tier4
MP5_PlasticHndgrd,types,Tier2
MP5_PlasticHndgrd,types,Tier1
MP5_RailHndgrd,types,Tier3
MP5_RailHndgrd,types,Tier4
MP5_RailHndgrd,types,Tier2
MP5_RailHndgrd,types,Tier1
MP5k_StockBttstck,types,Tier4
MP5k_StockBttstck,types,Tier5
MP5k_StockBttstck,types,Tier3
MP5k_StockBttstck,types,Tier2
Mag_1911_7Rnd,types,Tier3
Mag_1911_7Rnd,types,Tier2
Mag_AK74_45Rnd,types,Tier4
Mag_AK74_45Rnd,types,Tier5
Mag_AK74_45Rnd,types,Tier6
Mag_AK101_30Rnd,types,Tier3
Mag_AK101_30Rnd,types,Tier4
Mag_AK101_30Rnd,types,Tier5
Mag_AK101_30Rnd,types,Tier9
Mag_AK101_30Rnd,types,Tier6
Mag_AK101_30Rnd,types,Tier2
Mag_AK101_30Rnd,types,Tier8
Mag_AK74_30Rnd,types,Tier3
Mag_AK74_30Rnd,types,Tier4
Mag_AK74_30Rnd,types,Tier2
Mag_AKM_30Rnd,types,Tier3
Mag_AKM_30Rnd,types,Tier4
Mag_AKM_30Rnd,types,Tier5
Mag_AKM_30Rnd,types,Tier9
Mag_AKM_30Rnd,types,Tier8
Mag_AKM_Drum75Rnd,types,Tier9
Mag_AKM_Drum75Rnd,types,Tier7
Mag_AKM_Palm30Rnd,types,Tier3
Mag_AKM_Palm30Rnd,types,Tier4
Mag_AKM_Palm30Rnd,types,Tier5
Mag_AKM_Palm30Rnd,types,Tier9
Mag_Aug_30Rnd,types,Tier3
Mag_Aug_30Rnd,types,Tier4
Mag_Aug_30Rnd,types,Tier5
Mag_Aug_30Rnd,types,Tier9
Mag_Aug_30Rnd,types,Tier7
Mag_Aug_30Rnd,types,Tier6
Mag_Aug_30Rnd,types,Tier8
Mag_CZ550_10Rnd,types,Tier3
Mag_CZ550_10Rnd,types,Tier4
Mag_CZ550_10Rnd,types,Tier5
Mag_CZ550_10Rnd,types,Tier2
Mag_CMAG_10Rnd,types,Tier3
Mag_CMAG_10Rnd,types,Tier2
Mag_CMAG_20Rnd,types,Tier3
Mag_CMAG_20Rnd,types,Tier4
Mag_CMAG_30Rnd,types,Tier4
Mag_CMAG_40Rnd,types,Tier5
Mag_CMAG_40Rnd,types,Tier9
Mag_CMAG_40Rnd,types,Tier6
Mag_CMAG_40Rnd,types,Tier8
Mag_CZ527_5rnd,types,Tier3
Mag_CZ527_5rnd,types,Tier4
Mag_CZ527_5rnd,types,Tier5
Mag_CZ527_5rnd,types,Tier2
Mag_CZ61_20Rnd,types,Tier3
Mag_CZ61_20Rnd,types,Tier2
Mag_CZ75_15Rnd,types,Tier3
Mag_CZ75_15Rnd,types,Tier2
Mag_Deagle_9rnd,types,Tier3
Mag_Deagle_9rnd,types,Tier2
Mag_FAL_20Rnd,types,Tier5
Mag_FAL_20Rnd,types,Tier9
Mag_FAL_20Rnd,types,Tier7
Mag_FAL_20Rnd,types,Tier6
Mag_FAL_20Rnd,types,Tier8
Mag_FAMAS_25Rnd,types,Tier3
Mag_FAMAS_25Rnd,types,Tier4
Mag_FAMAS_25Rnd,types,Tier5
Mag_FAMAS_25Rnd,types,Tier6
Mag_FNX45_15Rnd,types,Tier3
Mag_FNX45_15Rnd,types,Tier4
Mag_FNX45_15Rnd,types,Tier5
Mag_FNX45_15Rnd,types,Tier9
Mag_FNX45_15Rnd,types,Tier8
Mag_Glock_15Rnd,types,Tier3
Mag_Glock_15Rnd,types,Tier2
Mag_IJ70_8Rnd,types,Tier2
Mag_M14_10Rnd,types,Tier5
Mag_M14_10Rnd,types,Tier7
Mag_M14_10Rnd,types,Tier6
Mag_M14_10Rnd,types,Tier8
Mag_M14_20Rnd,types,Tier9
Mag_M14_20Rnd,types,Tier7
Mag_MKII_10Rnd,types,Tier2
Mag_MKII_10Rnd,types,Tier3
Mag_MKII_10Rnd,types,Tier4
Mag_MP5_15Rnd,types,Tier2
Mag_MP5_15Rnd,types,Tier3
Mag_MP5_30Rnd,types,Tier3
Mag_MP5_30Rnd,types,Tier4
Mag_MP5_30Rnd,types,Tier2
Mag_P1_8Rnd,types,Tier2
Mag_PP19_64Rnd,types,Tier3
Mag_PP19_64Rnd,types,Tier2
Mag_Ruger1022_15Rnd,types,Tier2
Mag_Ruger1022_30Rnd,types,Tier2
Mag_Ruger1022_30Rnd,types,Tier3
Mag_Scout_5Rnd,types,Tier3
Mag_Scout_5Rnd,types,Tier4
Mag_Scout_5Rnd,types,Tier5
Mag_Scout_5Rnd,types,Tier6
Mag_Scout_5Rnd,types,Tier2
Mag_SSG82_5rnd,types,Tier3
Mag_SSG82_5rnd,types,Tier4
Mag_SSG82_5rnd,types,Tier5
Mag_SSG82_5rnd,types,Tier6
Mag_SSG82_5rnd,types,Tier8
Mag_STANAG_60Rnd,types,Tier9
Mag_STANAG_60Rnd,types,Tier7
Mag_STANAG_60Rnd,types,Tier8
Mag_STANAGCoupled_30Rnd,types,Tier9
Mag_STANAGCoupled_30Rnd,types,Tier7
Mag_STANAG_30Rnd,types,Tier5
Mag_STANAG_30Rnd,types,Tier6
Mag_STANAG_30Rnd,types,Tier7
Mag_SV98_10Rnd,types,Tier5
Mag_SV98_10Rnd,types,Tier9
Mag_SV98_10Rnd,types,Tier8
Mag_SV98_10Rnd,types,Tier6
Mag_SVD_10Rnd,types,Tier5
Mag_SVD_10Rnd,types,Tier9
Mag_SVD_10Rnd,types,Tier7
Mag_SVD_10Rnd,types,Tier6
Mag_SVD_10Rnd,types,Tier8
Mag_Saiga_5Rnd,types,Tier2
Mag_Saiga_5Rnd,types,Tier3
Mag_Saiga_8Rnd,types,Tier3
Mag_Saiga_8Rnd,types,Tier4
Mag_Saiga_Drum20Rnd,types,Tier5
Mag_Saiga_Drum20Rnd,types,Tier6
Mag_UMP_25Rnd,types,Tier2
Mag_UMP_25Rnd,types,Tier3
Mag_VAL_20Rnd,types,Tier3
Mag_VAL_20Rnd,types,Tier4
Mag_VAL_20Rnd,types,Tier5
Mag_VAL_20Rnd,types,Tier6
Mag_VAL_20Rnd,types,Tier8
Mag_Vikhr_30Rnd,types,Tier3
Mag_Vikhr_30Rnd,types,Tier4
Mag_Vikhr_30Rnd,types,Tier5
Mag_Vikhr_30Rnd,types,Tier6
Mag_Vikhr_30Rnd,types,Tier8
Mag_VSS_10Rnd,types,Tier3
Mag_VSS_10Rnd,types,Tier4
Mag_VSS_10Rnd,types,Tier5
Mag_VSS_10Rnd,types,Tier6
Mag_VSS_10Rnd,types,Tier8
Magnum,types,Tier3
Magnum,types,Tier4
Magnum,types,Tier5
Magnum,types,Tier2
MakarovIJ70,types,Tier2
Marmalade,types,Tier1
Marmalade,types,Tier2
MediumTent,types,Tier3
MediumTent,types,Tier4
MediumTent,types,Tier5
MedievalBoots,types,Tier9
Mich2001Helmet,types,Tier2
Mich2001Helmet,types,Tier3
Mich2001Helmet,types,Tier4
Mich2001Helmet,types,Tier5
Mich2001Helmet,types,Tier6
MilitaryBelt,types,Tier4
MilitaryBelt,types,Tier5
MilitaryBelt,types,Tier9
MilitaryBelt,types,Tier8
MilitaryBelt,types,Tier7
MilitaryBelt,types,Tier6
MilitaryBoots_Beige,types,Tier3
MilitaryBoots_Beige,types,Tier4
MilitaryBoots_Beige,types,Tier5
MilitaryBoots_Beige,types,Tier6
MilitaryBoots_Black,types,Tier7
MilitaryBoots_Bluerock,types,Tier3
MilitaryBoots_Bluerock,types,Tier4
MilitaryBoots_Bluerock,types,Tier5
MilitaryBoots_Bluerock,types,Tier6
MilitaryBoots_Brown,types,Tier3
MilitaryBoots_Brown,types,Tier4
MilitaryBoots_Brown,types,Tier5
MilitaryBoots_Brown,types,Tier6
MilitaryBoots_Redpunk,types,Tier3
Mosin9130,types,Tier3
Mosin9130,types,Tier4
Mosin9130,types,Tier5
Mosin_Bayonet,types,Tier1
Mosin_Bayonet,types,Tier2
Mosin_Bayonet,types,Tier3
Mosin_Compensator,types,Tier3
Mosin_Compensator,types,Tier4
Mosin_Compensator,types,Tier5
MotoHelmet_Yellow,types,Tier2
MotoHelmet_Yellow,types,Tier3
MountainBag_Blue,types,Tier2
MountainBag_Blue,types,Tier3
MountainBag_Blue,types,Tier4
MountainBag_Green,types,Tier3
MountainBag_Green,types,Tier4
MountainBag_Orange,types,Tier3
MountainBag_Orange,types,Tier4
MountainBag_Red,types,Tier3
MountainBag_Red,types,Tier4
Mp133Shotgun,types,Tier2
Mp133Shotgun,types,Tier3
Mp133Shotgun,types,Tier4
NavyUniformJacket,types,Tier4
NavyUniformJacket,types,Tier5
NavyUniformPants,types,Tier4
NavyUniformPants,types,Tier5
NBCBootsGray,types,Tier3
NBCBootsGray,types,Tier4
NBCBootsGray,types,Tier5
NBCBootsGray,types,Tier8
NBCBootsWhite,types,Tier3
NBCBootsWhite,types,Tier4
NBCBootsWhite,types,Tier5
NBCBootsYellow,types,Tier3
NBCBootsYellow,types,Tier4
NBCBootsYellow,types,Tier5
NBCGlovesYellow,types,Tier3
NBCGlovesYellow,types,Tier4
NBCGlovesYellow,types,Tier5
NBCHoodYellow,types,Tier3
NBCHoodYellow,types,Tier4
NBCHoodYellow,types,Tier5
NBCHoodWhite,types,Tier3
NBCHoodWhite,types,Tier4
NBCHoodWhite,types,Tier5
NBCJacketYellow,types,Tier3
NBCJacketYellow,types,Tier4
NBCJacketYellow,types,Tier5
NBCJacketWhite,types,Tier3
NBCJacketWhite,types,Tier4
NBCJacketWhite,types,Tier5
NBCPantsYellow,types,Tier3
NBCPantsYellow,types,Tier4
NBCPantsYellow,types,Tier5
NBCPantsWhite,types,Tier3
NBCPantsWhite,types,Tier4
NBCPantsWhite,types,Tier5
NBCGlovesGray,types,Tier3
NBCGlovesGray,types,Tier4
NBCGlovesGray,types,Tier5
NBCGlovesGray,types,Tier6
NBCHoodGray,types,Tier3
NBCHoodGray,types,Tier4
NBCHoodGray,types,Tier5
NBCHoodGray,types,Tier6
NBCJacketGray,types,Tier3
NBCJacketGray,types,Tier4
NBCJacketGray,types,Tier5
NBCJacketGray,types,Tier6
NBCPantsGray,types,Tier3
NBCPantsGray,types,Tier4
NBCPantsGray,types,Tier5
NBCPantsGray,types,Tier6
NVGHeadstrap,types,Tier3
NVGHeadstrap,types,Tier4
NVGHeadstrap,types,Tier5
NVGHeadstrap,types,Tier6
NVGoggles,types,Tier4
NVGoggles,types,Tier5
NioshFaceMask,types,Tier2
OMNOGloves_Brown,types,Tier4
OMNOGloves_Brown,types,Tier5
OMNOGloves_Brown,types,Tier7
OMNOGloves_Brown,types,Tier6
OMNOGloves_Gray,types,Tier4
OMNOGloves_Gray,types,Tier5
OMNOGloves_Gray,types,Tier7
OMNOGloves_Gray,types,Tier6
Offroad_02_Wheel,types,Tier2
Offroad_02_Wheel,types,Tier3
Offroad_02_Wheel,types,Tier4
OMKJacket_Navy,types,Tier3
OMKJacket_Navy,types,Tier4
OMKJacket_Navy,types,Tier5
OMKJacket_Navy,types,Tier9
OMKJacket_Navy,types,Tier8
OMKJacket_Navy,types,Tier6
OMKPants_Navy,types,Tier3
OMKPants_Navy,types,Tier4
OMKPants_Navy,types,Tier5
OMKPants_Navy,types,Tier9
OMKPants_Navy,types,Tier8
OMKPants_Navy,types,Tier6
OrienteeringCompass,types,Tier1
OrienteeringCompass,types,Tier2
OrienteeringCompass,types,Tier3
P1,types,Tier2
P1,types,Tier1
PaddedGloves_Beige,types,Tier9
PaddedGloves_Beige,types,Tier7
PaddedGloves_Brown,types,Tier9
PaddedGloves_Brown,types,Tier7
PaddedGloves_Threat,types,Tier9
PaddedGloves_Threat,types,Tier7
PetushokHat_Black,types,Tier3
PetushokHat_Black,types,Tier4
PetushokHat_Black,types,Tier5
PetushokHat_Green,types,Tier3
PetushokHat_Green,types,Tier4
PetushokHat_Green,types,Tier5
PetushokHat_Yellow,types,Tier3
PetushokHat_Yellow,types,Tier4
PetushokHat_Yellow,types,Tier5
PetrolLighter,types,Tier4
PetrolLighter,types,Tier5
PistolOptic,types,Tier4
PistolOptic,types,Tier3
PP19,types,Tier3
PP19,types,Tier2
PP19_Bttstck,types,Tier3
PP19_Bttstck,types,Tier2
PSO11Optic,types,Tier4
PSO11Optic,types,Tier7
PSO11Optic,types,Tier5
PSO11Optic,types,Tier3
PSO11Optic,types,Tier6
PSO1Optic,types,Tier4
PSO1Optic,types,Tier7
PSO1Optic,types,Tier5
PSO1Optic,types,Tier3
PSO1Optic,types,Tier6
PUScopeOptic,types,Tier4
PUScopeOptic,types,Tier5
PUScopeOptic,types,Tier3
Pajka,types,Tier1
Pajka,types,Tier2
Pate,types,Tier1
Pate,types,Tier2
PeachesCan,types,Tier3
PeachesCan,types,Tier2
PeachesCan,types,Tier1
PilotkaCap,types,Tier2
PistolSuppressor,types,Tier4
PistolSuppressor,types,Tier5
PistolSuppressor,types,Tier9
PistolSuppressor,types,Tier8
Plastic_Explosive,types,Tier7
PlateCarrierHolster,types,Tier3
PlateCarrierHolster,types,Tier4
PlateCarrierHolster,types,Tier2
PlateCarrierHolster_Winter,types,Tier8
PlateCarrierPouches_Winter,types,Tier8
PlateCarrierHolster_Black,types,Tier7
PlateCarrierHolster_Camo,types,Tier6
PlateCarrierHolster_Green,types,Tier3
PlateCarrierHolster_Green,types,Tier4
PlateCarrierHolster_Green,types,Tier5
PlateCarrierHolster_Green,types,Tier8
PlateCarrierPouches,types,Tier3
PlateCarrierPouches,types,Tier4
PlateCarrierPouches,types,Tier5
PlateCarrierPouches,types,Tier6
PlateCarrierPouches_Black,types,Tier7
PlateCarrierPouches_Camo,types,Tier6
PlateCarrierPouches_Green,types,Tier3
PlateCarrierPouches_Green,types,Tier4
PlateCarrierPouches_Green,types,Tier5
PlateCarrierVest,types,Tier5
PlateCarrierVest,types,Tier6
PlateCarrierVest_Winter,types,Tier8
PlateCarrierVest_Black,types,Tier3
PlateCarrierVest_Black,types,Tier4
PlateCarrierVest_Black,types,Tier5
PlateCarrierVest_Camo,types,Tier6
PlateCarrierVest_Green,types,Tier3
PlateCarrierVest_Green,types,Tier4
PlateCarrierVest_Green,types,Tier5
PoliceVest,types,Tier3
PoliceVest,types,Tier4
PorkCan,types,Tier3
PorkCan,types,Tier2
PorkCan,types,Tier1
Potato,types,Tier3
Potato,types,Tier4
Potato,types,Tier5
PotatoSeed,types,Tier1
PotatoSeed,types,Tier2
PotatoSeed,types,Tier3
PressVest_Blue,types,Tier3
PressVest_Blue,types,Tier2
PressVest_LightBlue,types,Tier3
PressVest_LightBlue,types,Tier2
QuiltedJacket_Black,types,Tier2
QuiltedJacket_Black,types,Tier1
QuiltedJacket_Blue,types,Tier2
QuiltedJacket_Blue,types,Tier1
QuiltedJacket_Green,types,Tier2
QuiltedJacket_Green,types,Tier1
QuiltedJacket_Grey,types,Tier2
QuiltedJacket_Grey,types,Tier1
QuiltedJacket_Orange,types,Tier2
QuiltedJacket_Orange,types,Tier1
QuiltedJacket_Red,types,Tier2
QuiltedJacket_Red,types,Tier1
QuiltedJacket_Violet,types,Tier2
QuiltedJacket_Violet,types,Tier1
QuiltedJacket_Yellow,types,Tier2
QuiltedJacket_Yellow,types,Tier1
RDG2SmokeGrenade_Black,types,Tier3
RDG2SmokeGrenade_Black,types,Tier4
RDG2SmokeGrenade_Black,types,Tier5
RDG2SmokeGrenade_Black,types,Tier6
RDG2SmokeGrenade_Black,types,Tier7
RDG2SmokeGrenade_White,types,Tier3
RDG2SmokeGrenade_White,types,Tier4
RDG2SmokeGrenade_White,types,Tier5
RDG2SmokeGrenade_White,types,Tier6
RDG2SmokeGrenade_White,types,Tier7
RGD5Grenade,types,Tier2
RGD5Grenade,types,Tier3
RGD5Grenade,types,Tier4
RGD5Grenade,types,Tier5
RGD5Grenade,types,Tier6
RGD5Grenade,types,Tier7
RGD5Grenade,types,Tier8
RGD5Grenade,types,Tier9
RadarCap_Black,types,Tier3
RadarCap_Black,types,Tier4
RadarCap_Black,types,Tier2
RadarCap_Blue,types,Tier3
RadarCap_Blue,types,Tier4
RadarCap_Blue,types,Tier2
RadarCap_Brown,types,Tier3
RadarCap_Brown,types,Tier4
RadarCap_Brown,types,Tier2
RadarCap_Green,types,Tier3
RadarCap_Green,types,Tier4
RadarCap_Green,types,Tier2
RadarCap_Red,types,Tier3
RadarCap_Red,types,Tier4
RadarCap_Red,types,Tier2
Raincoat_Black,types,Tier1
Raincoat_Black,types,Tier2
Raincoat_Blue,types,Tier1
Raincoat_Blue,types,Tier2
Raincoat_Green,types,Tier1
Raincoat_Green,types,Tier2
Raincoat_Orange,types,Tier1
Raincoat_Orange,types,Tier2
Raincoat_Pink,types,Tier1
Raincoat_Pink,types,Tier2
Raincoat_Red,types,Tier1
Raincoat_Red,types,Tier2
Raincoat_Yellow,types,Tier1
Raincoat_Yellow,types,Tier2
Rangefinder,types,Tier4
Rangefinder,types,Tier5
Rangefinder,types,Tier7
Rangefinder,types,Tier6
ReflexOptic,types,Tier3
ReflexOptic,types,Tier4
ReflexOptic,types,Tier5
ReflexOptic,types,Tier8
ReflexOptic,types,Tier7
ReflexOptic,types,Tier6
RemoteDetonator,types,Tier6
RemoteDetonator,types,Tier7
Repeater,types,Tier2
Rice,types,Tier3
Rice,types,Tier4
Rice,types,Tier5
Rice,types,Tier9
Rice,types,Tier8
Rice,types,Tier7
Rice,types,Tier6
RidersJacket_Black,types,Tier3
RidersJacket_Black,types,Tier2
RidersJacket_Black,types,Tier1
Ruger1022,types,Tier2
ScientificBriefcaseKeys,types,Tier4
ScientificBriefcaseKeys,types,Tier5
ScientificBriefcaseKeys,types,Tier9
ScientificBriefcaseKeys,types,Tier8
ScientificBriefcaseKeys,types,Tier7
ScientificBriefcaseKeys,types,Tier6
Shemag_Brown,types,Tier3
Shemag_Green,types,Tier3
Shemag_Red,types,Tier3
Shemag_White,types,Tier5
SherpaHat_Black,types,Tier4
SherpaHat_Black,types,Tier5
SherpaHat_Blue,types,Tier4
SherpaHat_Blue,types,Tier5
SherpaHat_Red,types,Tier4
SherpaHat_Red,types,Tier5
SkiGloves_90s,types,Tier8
SkiGloves_Blue,types,Tier8
SkiGloves_Red,types,Tier8
Slingbag_Black,types,Tier2
Slingbag_Black,types,Tier1
Slingbag_Brown,types,Tier2
Slingbag_Brown,types,Tier1
Slingbag_Gray,types,Tier2
Slingbag_Gray,types,Tier1
SKS,types,Tier3
SKS,types,Tier4
SKS,types,Tier5
SKS_Bayonet,types,Tier3
SKS_Bayonet,types,Tier2
SKS_Bayonet,types,Tier1
SVD,types,Tier9
SVD,types,Tier8
SVD,types,Tier7
Saiga,types,Tier3
Saiga,types,Tier4
Saiga,types,Tier5
Saiga,types,Tier8
Saiga,types,Tier6
Saiga_Bttstck,types,Tier3
Saiga_Bttstck,types,Tier4
Saiga_Bttstck,types,Tier5
SaltySticks,types,Tier2
SaltySticks,types,Tier1
SardinesCan,types,Tier4
Screwdriver,types,Tier3
Screwdriver,types,Tier2
Screwdriver,types,Tier1
Scout,types,Tier2
Scout,types,Tier3
Scout,types,Tier4
Scout,types,Tier5
Scout_Chernarus,types,Tier7
Scout_Livonia,types,Tier7
SewingKit,types,Tier3
SewingKit,types,Tier4
SewingKit,types,Tier5
SewingKit,types,Tier2
Sickle,types,Tier2
Sickle,types,Tier1
SnowstormUshanka_Brown,types,Tier9
SnowstormUshanka_Navy,types,Tier3
SnowstormUshanka_Navy,types,Tier4
SnowstormUshanka_Navy,types,Tier5
SnowstormUshanka_White,types,Tier8
SkateHelmet_Black,types,Tier3
SkateHelmet_Black,types,Tier2
SkateHelmet_Black,types,Tier1
SkateHelmet_Blue,types,Tier3
SkateHelmet_Blue,types,Tier2
SkateHelmet_Blue,types,Tier1
SkateHelmet_Gray,types,Tier3
SkateHelmet_Gray,types,Tier2
SkateHelmet_Gray,types,Tier1
SkateHelmet_Green,types,Tier3
SkateHelmet_Green,types,Tier2
SkateHelmet_Green,types,Tier1
SkateHelmet_Red,types,Tier3
SkateHelmet_Red,types,Tier2
SkateHelmet_Red,types,Tier1
SmershVest,types,Tier2
SmershVest,types,Tier3
SmershVest,types,Tier4
SmershVest,types,Tier5
SmershVest,types,Tier6
SmershVest,types,Tier7
SmershVest,types,Tier8
SmershVest,types,Tier9
SSG82,types,Tier3
SSG82,types,Tier4
SSG82,types,Tier5
Ssh68Helmet,types,Tier3
Ssh68Helmet,types,Tier4
Ssh68Helmet,types,Tier5
Ssh68Helmet,types,Tier6
StarlightOptic,types,Tier8
StunBaton,types,Tier2
StunBaton,types,Tier3
SV98,types,Tier5
SV98,types,Tier9
SV98,types,Tier8
SV98,types,Tier6
Sword,types,Tier9
TLRLight,types,Tier3
TLRLight,types,Tier4
TLRLight,types,Tier5
TLRLight,types,Tier6
TLRLight,types,Tier2
TTSKOBoots,types,Tier3
TTSKOBoots,types,Tier4
TTSKOBoots,types,Tier5
TTSKOBoots,types,Tier7
TTSKOBoots,types,Tier6
TTSKOBoots,types,Tier8
TTSKOPants,types,Tier3
TTSKOPants,types,Tier4
TTSKOPants,types,Tier5
TTSKOPants,types,Tier7
TTSKOPants,types,Tier6
TTSKOPants,types,Tier8
TTsKOJacket_Camo,types,Tier3
TTsKOJacket_Camo,types,Tier4
TTsKOJacket_Camo,types,Tier5
TTsKOJacket_Camo,types,Tier7
TTsKOJacket_Camo,types,Tier6
TTsKOJacket_Camo,types,Tier8
TacticalBaconCan,types,Tier3
TacticalBaconCan,types,Tier4
TacticalBaconCan,types,Tier5
TacticalBaconCan,types,Tier7
TacticalBaconCan,types,Tier6
TacticalGloves_Beige,types,Tier3
TacticalGloves_Beige,types,Tier4
TacticalGloves_Beige,types,Tier5
TacticalGloves_Beige,types,Tier6
TacticalGloves_Beige,types,Tier9
TacticalGloves_Black,types,Tier7
TacticalGloves_Green,types,Tier3
TacticalGloves_Green,types,Tier4
TacticalGloves_Green,types,Tier5
TacticalGloves_Green,types,Tier9
TacticalGloves_Green,types,Tier6
TacticalGloves_Green,types,Tier8
TacticalGoggles,types,Tier1
TacticalGoggles,types,Tier2
TacticalGoggles,types,Tier3
TacticalGoggles,types,Tier4
TacticalShirt_Black,types,Tier7
TacticalShirt_Grey,types,Tier3
TacticalShirt_Grey,types,Tier4
TacticalShirt_Grey,types,Tier5
TacticalShirt_Grey,types,Tier6
TacticalShirt_Olive,types,Tier3
TacticalShirt_Olive,types,Tier4
TacticalShirt_Olive,types,Tier5
TacticalShirt_Olive,types,Tier6
TacticalShirt_Olive,types,Tier8
TacticalShirt_Tan,types,Tier3
TacticalShirt_Tan,types,Tier4
TacticalShirt_Tan,types,Tier5
TaloonBag_Blue,types,Tier1
TaloonBag_Blue,types,Tier2
TaloonBag_Green,types,Tier2
TaloonBag_Green,types,Tier1
TaloonBag_Orange,types,Tier2
TaloonBag_Orange,types,Tier1
TaloonBag_Violet,types,Tier2
TaloonBag_Violet,types,Tier1
TankerHelmet,types,Tier3
TankerHelmet,types,Tier4
TankerHelmet,types,Tier5
TankerHelmet,types,Tier9
TankerHelmet,types,Tier8
TankerHelmet,types,Tier7
TankerHelmet,types,Tier6
TetracyclineAntibiotics,types,Tier3
TetracyclineAntibiotics,types,Tier4
TetracyclineAntibiotics,types,Tier5
TetracyclineAntibiotics,types,Tier2
TortillaBag,types,Tier3
TortillaBag,types,Tier5
TortillaBag,types,Tier6
TortillaBag_Winter,types,Tier5
TortillaBag_Winter,types,Tier8
TrackSuitJacket_Black,types,Tier2
TrackSuitJacket_Black,types,Tier1
TrackSuitJacket_Blue,types,Tier2
TrackSuitJacket_Blue,types,Tier1
TrackSuitJacket_Green,types,Tier2
TrackSuitJacket_Green,types,Tier1
TrackSuitJacket_LightBlue,types,Tier2
TrackSuitJacket_LightBlue,types,Tier1
TrackSuitJacket_Red,types,Tier2
TrackSuitJacket_Red,types,Tier1
TrackSuitPants_Black,types,Tier2
TrackSuitPants_Black,types,Tier1
TrackSuitPants_Blue,types,Tier2
TrackSuitPants_Blue,types,Tier1
TrackSuitPants_Green,types,Tier2
TrackSuitPants_Green,types,Tier1
TrackSuitPants_LightBlue,types,Tier2
TrackSuitPants_LightBlue,types,Tier1
TrackSuitPants_Red,types,Tier2
TrackSuitPants_Red,types,Tier1
UKAssVest_Black,types,Tier7
UKAssVest_Camo,types,Tier3
UKAssVest_Camo,types,Tier4
UKAssVest_Camo,types,Tier5
UKAssVest_Khaki,types,Tier6
UKAssVest_Olive,types,Tier3
UKAssVest_Olive,types,Tier4
UKAssVest_Olive,types,Tier5
UKAssVest_Olive,types,Tier9
UKAssVest_Winter,types,Tier5
UKAssVest_Winter,types,Tier8
UMP45,types,Tier2
USMCJacket_Desert,types,Tier3
USMCJacket_Desert,types,Tier4
USMCJacket_Desert,types,Tier5
USMCJacket_Desert,types,Tier6
USMCJacket_Woodland,types,Tier3
USMCJacket_Woodland,types,Tier4
USMCJacket_Woodland,types,Tier5
USMCJacket_Woodland,types,Tier6
USMCPants_Desert,types,Tier3
USMCPants_Desert,types,Tier4
USMCPants_Desert,types,Tier5
USMCPants_Desert,types,Tier6
USMCPants_Woodland,types,Tier3
USMCPants_Woodland,types,Tier4
USMCPants_Woodland,types,Tier5
USMCPants_Woodland,types,Tier6
UniversalLight,types,Tier3
UniversalLight,types,Tier4
UniversalLight,types,Tier5
Ushanka_Black,types,Tier4
Ushanka_Black,types,Tier5
Ushanka_Black,types,Tier9
Ushanka_Black,types,Tier8
Ushanka_Black,types,Tier7
Ushanka_Blue,types,Tier4
Ushanka_Blue,types,Tier5
Ushanka_Blue,types,Tier9
Ushanka_Blue,types,Tier8
Ushanka_Blue,types,Tier7
Ushanka_Green,types,Tier4
Ushanka_Green,types,Tier5
Ushanka_Green,types,Tier9
Ushanka_Green,types,Tier8
Ushanka_Green,types,Tier7
Vikhr,types,Tier3
Vikhr,types,Tier4
Vikhr,types,Tier5
Vikhr,types,Tier9
Vikhr,types,Tier8
Vikhr,types,Tier6
VSS,types,Tier5
VSS,types,Tier9
VSS,types,Tier8
VSS,types,Tier7
VSS,types,Tier6
WaterBottle,types,Tier3
WaterBottle,types,Tier2
WeaponCleaningKit,types,Tier3
WeaponCleaningKit,types,Tier4
WeaponCleaningKit,types,Tier5
WeaponCleaningKit,types,Tier9
WeaponCleaningKit,types,Tier7
WeaponCleaningKit,types,Tier6
WeaponCleaningKit,types,Tier8
Winchester70,types,Tier3
Winchester70,types,Tier4
WoolCoat_Beige,types,Tier2
WoolCoat_Beige,types,Tier1
WoolCoat_Black,types,Tier2
WoolCoat_Black,types,Tier1
WoolCoat_BlackCheck,types,Tier2
WoolCoat_BlackCheck,types,Tier1
WoolCoat_Blue,types,Tier2
WoolCoat_Blue,types,Tier1
WoolCoat_BlueCheck,types,Tier2
WoolCoat_BlueCheck,types,Tier1
WoolCoat_BrownCheck,types,Tier2
WoolCoat_BrownCheck,types,Tier1
WoolCoat_Green,types,Tier2
WoolCoat_Green,types,Tier1
WoolCoat_GreyCheck,types,Tier2
WoolCoat_GreyCheck,types,Tier1
WoolCoat_Red,types,Tier2
WoolCoat_Red,types,Tier1
WoolCoat_RedCheck,types,Tier2
WoolCoat_RedCheck,types,Tier1
WoolGlovesFingerless_Black,types,Tier3
WoolGlovesFingerless_Black,types,Tier4
WoolGlovesFingerless_Black,types,Tier5
WoolGlovesFingerless_Green,types,Tier3
WoolGlovesFingerless_Green,types,Tier4
WoolGlovesFingerless_Green,types,Tier5
WoolGlovesFingerless_Tan,types,Tier3
WoolGlovesFingerless_Tan,types,Tier4
WoolGlovesFingerless_Tan,types,Tier5
WoolGloves_Black,types,Tier5
WoolGloves_Black,types,Tier6
WoolGloves_Green,types,Tier5
WoolGloves_Tan,types,Tier7
WoolGloves_Tan,types,Tier6
WoolGloves_White,types,Tier8
WorkingGloves_Beige,types,Tier3
WorkingGloves_Beige,types,Tier2
WorkingGloves_Beige,types,Tier1
WorkingGloves_Black,types,Tier3
WorkingGloves_Black,types,Tier2
WorkingGloves_Black,types,Tier1
WorkingGloves_Brown,types,Tier3
WorkingGloves_Brown,types,Tier2
WorkingGloves_Brown,types,Tier1
WorkingGloves_Yellow,types,Tier3
WorkingGloves_Yellow,types,Tier2
WorkingGloves_Yellow,types,Tier1
Zagorky,types,Tier1
Zagorky,types,Tier2
ZmijovkaCap_Black,types,Tier3
ZmijovkaCap_Black,types,Tier4
ZmijovkaCap_Black,types,Tier5
ZmijovkaCap_Blue,types,Tier3
ZmijovkaCap_Blue,types,Tier4
ZmijovkaCap_Blue,types,Tier5
ZmijovkaCap_Brown,types,Tier3
ZmijovkaCap_Brown,types,Tier4
ZmijovkaCap_Brown,types,Tier5
ZmijovkaCap_Green,types,Tier3
ZmijovkaCap_Green,types,Tier4
ZmijovkaCap_Green,types,Tier5
ZmijovkaCap_Red,types,Tier3
ZmijovkaCap_Red,types,Tier4
ZmijovkaCap_Red,types,Tier5
Jmc_Keycard2,types,Tier8
jmc_mjolnir_head,types,Tier9
jmc_mjolnir_handle,types,Tier9
jmc_SnowOwl_Optic,types,Tier9
jmc_SnowOwl_Optic,types,Tier8
jmc_SnowOwl_Optic,types,Tier7
jmc_SnowOwl_Mag,types,Tier9
jmc_SnowOwl_Mag,types,Tier8
jmc_SnowOwl_Mag,types,Tier7
jmc_SnowOwl_Ammo,types,Tier9
jmc_SnowOwl_Ammo,types,Tier8
jmc_SnowOwl_Ammo,types,Tier7
jmc_Prototype_Mag,types,Tier9
jmc_Prototype_Mag,types,Tier8
jmc_Prototype_Mag,types,Tier7
jmc_Prototype_Optic_Red,types,Tier7
jmc_Prototype_Optic_White,types,Tier8
jmc_Prototype_Optic_Blue,types,Tier9
ttcelticaxe_Simple,types,Tier9
ttak458,types,Tier3
ttak458,types,Tier4
ttak458,types,Tier5
ttak458,types,Tier6
ttak458,types,Tier9
ttak458_Gold,types,Tier5
ttak458_Gold,types,Tier7
ttak458_Gold,types,Tier6
ttar9,types,Tier3
ttar9,types,Tier4
ttar9,types,Tier5
ttbar,types,Tier5
ttbar,types,Tier6
ttgarand,types,Tier3
ttgarand,types,Tier2
ttr700,types,Tier5
ttr700,types,Tier9
ttr700,types,Tier8
ttr700,types,Tier7
ttr700,types,Tier6
ttr700mag,types,Tier5
ttr700mag,types,Tier9
ttr700mag,types,Tier8
ttr700mag,types,Tier7
ttr700mag,types,Tier6
ttrpd,types,Tier5
ttrpd,types,Tier7
ttrpd,types,Tier6
ttrpdmag,types,Tier5
ttrpdmag,types,Tier7
ttrpdmag,types,Tier6
ttscarl,types,Tier3
ttscarl,types,Tier4
ttscarl,types,Tier5
ttscarl,types,Tier6
ttscarl_Tan,types,Tier4
ttscarl_Tan,types,Tier5
ttscarl_Tan,types,Tier9
ttscarl_Tan,types,Tier8
ttsok94,types,Tier3
ttsok94,types,Tier4
ttsok94,types,Tier9
ttsok94,types,Tier8
ttstg44,types,Tier3
ttstg44,types,Tier4
ttstg44,types,Tier5
ttstg44,types,Tier7
ttstg44,types,Tier6
tt870,types,Tier2
ttagram,types,Tier2
ttp90,types,Tier4
ttp90,types,Tier5
ttp90,types,Tier6
ttp90_Tan,types,Tier3
ttp90_Tan,types,Tier4
ttp90_Tan,types,Tier5
ttp90_Tan,types,Tier6
ttp90mag,types,Tier3
ttp90mag,types,Tier4
ots71,types,Tier2
aek,types,Tier3
aek,types,Tier4
aek,types,Tier5
aek,types,Tier6
avs36,types,Tier3
avs36,types,Tier4
avs36,types,Tier2
higgins,types,Tier3
higgins,types,Tier4
higgins,types,Tier2
junkak,types,Tier4
junkak,types,Tier6
kar98,types,Tier3
kar98,types,Tier4
kar98,types,Tier2
marlin,types,Tier3
marlin,types,Tier2
JMC_Radio_CassetteTape_MusicTape2,types,Tier7
JMC_Radio_CassetteTape_MusicTape3,types,Tier3
JMC_Radio_CassetteTape_MusicTape3,types,Tier4
JMC_Radio_CassetteTape_MusicTape3,types,Tier5
JMC_Radio_CassetteTape_MusicTape3,types,Tier7
JMC_Radio_CassetteTape_MusicTape3,types,Tier6
jmc_Prototype_White,types,Tier7
jmc_Prototype_Blue,types,Tier8
jmc_Prototype_Red,types,Tier9
jmc_Prototype_Red,types,Tier8
ESP_M14,types,Tier4
ESP_M14,types,Tier5
ESP_M14,types,Tier9
ESP_M14_Black,types,Tier3
ESP_M14_Black,types,Tier4
ESP_M14_Black,types,Tier5
ESP_M110,types,Tier9
ESP_M110,types,Tier7
ESP_M110,types,Tier8
ESP_M110_Tan,types,Tier3
ESP_M110_Tan,types,Tier4
ESP_M110_Tan,types,Tier5
ESP_M110_Tan,types,Tier6
ESP_M110_Green,types,Tier5
ESP_M110_Green,types,Tier6
ESP_G36C,types,Tier3
ESP_G36C,types,Tier4
SRP_GreatBattleAxe,types,Tier9
SRP_GreatBattleAxe_Phantom,types,Tier9
ttbaseballbat_Simple,types,Tier1
jmc_Military_Mountain_Boots_Black,types,Tier3
jmc_Military_Mountain_Boots_Black,types,Tier4
jmc_Military_Mountain_Boots_Black,types,Tier5
jmc_Military_Mountain_Boots_Black,types,Tier8
jmc_Military_Mountain_Boots_Black,types,Tier6
jmc_Military_Mountain_Boots_Bluerock,types,Tier4
jmc_Military_Mountain_Boots_Brown,types,Tier9
jmc_Military_Mountain_Boots_Redpunk,types,Tier6
SRP_KarambitKnife,types,Tier9
SRP_KarambitKnife,types,Tier8
SRP_KarambitKnife_Red,types,Tier3
SRP_KarambitKnife_Red,types,Tier4
SRP_KarambitKnife_Red,types,Tier5
SRP_KarambitKnife_Red,types,Tier6
SRP_KarambitKnife_Red,types,Tier2
SRP_KarambitKnife_Blue,types,Tier9
SRP_KarambitKnife_Blue,types,Tier8
SRP_BeanBasher,types,Tier3
SRP_BeanBasher,types,Tier2
SRP_BeanBasher,types,Tier1
SRP_BerserkSword,types,Tier9
SRP_FireyGreatsword_Basic,types,Tier9
SRP_GladiusSword_Ornamental,types,Tier9
SRP_KatanaSlim,types,Tier9
SRP_KatanaSlim_Sheath,types,Tier9
SRP_KatanaSlim_Sheath,types,Tier8
SRP_SnakeDagger,types,Tier4
SRP_SnakeDagger,types,Tier8
SRP_Viking_Axe,types,Tier9
SRP_WarCleaver,types,Tier9
SRP_WarHammer_Basic_Wood,types,Tier9
SRP_WarHammer_Brutal_Basic,types,Tier9
SRP_WitcherSword_Basic,types,Tier9
tantosword_Simple,types,Tier9
tbladed_Simple,types,Tier1
SRP_Dynamite_Stick,types,Tier3
SRP_Dynamite_Stick,types,Tier4
SRP_Dynamite_Stick,types,Tier5
SRP_Dynamite_Stick,types,Tier6
SRP_Dynamite_Stack,types,Tier5
SRP_Dynamite_Stack,types,Tier7
SRP_Dynamite_Stack,types,Tier6
SRP_Staff_Skull_Basic,types,Tier7
ADM_Divingtank,types,Tier4
ADM_Flippers,types,Tier3
ADM_Flippers,types,Tier4
ADM_Flippers,types,Tier2
ADM_Flippers,types,Tier1
ADM_Snorkel,types,Tier3
ADM_Snorkel,types,Tier4
ADM_Snorkel,types,Tier2
ADM_Snorkel,types,Tier1
ADM_Divinghelmet,types,Tier4
ADM_Divingsuit,types,Tier4
ADM_Compressor,types,Tier3
ADM_Compressor,types,Tier4
ADM_Compressor,types,Tier5
jmc_GPSReceiver,types,Tier4
jmc_grenade_z,types,Tier9
jmc_grenade_z,types,Tier8
jmc_grenade_z,types,Tier7
jmc_grenade_z,types,Tier6
JMC_Book_KMUC,types,Tier7
JMC_Book_NAMALSK,types,Tier7
JMC_Book_DIARYFROST,types,Tier8
JMC_Book_DIARYHCRINCI,types,Tier7
JMC_Book_DIARYBARINGER,types,Tier3
JMC_Book_DIARYCARGO,types,Tier4
JMC_Book_DIARYLOVE,types,Tier2
STAG_CombatKnife,types,Tier8
STAG_CombatKnife,types,Tier9
STAG_Clothing_6sh118,types,Tier8
STAG_Teddybear_brown,types,Tier3
STAG_Teddybear_brown,types,Tier4
STAG_Teddybear_brown,types,Tier5
STAG_Teddybear_brown,types,Tier9
STAG_Teddybear_brown,types,Tier8
STAG_Teddybear_brown,types,Tier7
STAG_Teddybear_brown,types,Tier6
STAG_Teddybear_black,types,Tier3
STAG_Teddybear_black,types,Tier4
STAG_Teddybear_black,types,Tier5
STAG_Teddybear_black,types,Tier9
STAG_Teddybear_black,types,Tier8
STAG_Teddybear_black,types,Tier7
STAG_Teddybear_black,types,Tier6
STAG_Clothing_Armband,types,Tier3
STAG_Clothing_Armband,types,Tier4
STAG_Clothing_Armband,types,Tier5
STAG_Clothing_Armband,types,Tier9
STAG_Clothing_Armband,types,Tier6
STAG_Clothing_Armband,types,Tier2
STAG_Clothing_Armband,types,Tier1
STAG_Clothing_ArmyBackpack,types,Tier3
STAG_Clothing_ArmyBackpack,types,Tier4
STAG_Clothing_ArmyBackpack,types,Tier5
STAG_Clothing_Cap,types,Tier3
STAG_Clothing_Cap,types,Tier4
STAG_Clothing_Cap,types,Tier5
STAG_Clothing_Cap,types,Tier6
STAG_Clothing_Cap,types,Tier2
STAG_Clothing_Beret,types,Tier3
STAG_Clothing_Beret,types,Tier4
STAG_Clothing_Beret,types,Tier5
STAG_Clothing_Beret,types,Tier6
STAG_Clothing_Boots,types,Tier4
STAG_Clothing_Boots,types,Tier5
STAG_Clothing_Boots,types,Tier9
STAG_Clothing_Boots,types,Tier8
STAG_Clothing_Boots_PT,types,Tier8
STAG_Clothing_CoyoteBag,types,Tier3
STAG_Clothing_CoyoteBag,types,Tier4
STAG_Clothing_CoyoteBag,types,Tier5
STAG_Clothing_TacticalGloves,types,Tier4
STAG_Clothing_TacticalGloves,types,Tier5
STAG_Clothing_TacticalGloves,types,Tier9
STAG_Clothing_TacticalGloves,types,Tier7
STAG_Clothing_TacticalGloves,types,Tier6
STAG_Clothing_TacticalGloves_PT,types,Tier8
STAG_Clothing_PlateCarrierHolster,types,Tier3
STAG_Clothing_PlateCarrierHolster,types,Tier4
STAG_Clothing_PlateCarrierHolster,types,Tier5
STAG_Clothing_PlateCarrierHolster,types,Tier9
STAG_Clothing_PlateCarrierHolster,types,Tier6
STAG_Clothing_PlateCarrierHolster,types,Tier2
STAG_Clothing_M65_Jacket,types,Tier9
STAG_Clothing_M65_Jacket,types,Tier8
STAG_Clothing_M65_Jacket,types,Tier7
STAG_Clothing_M65_Jacket_PT,types,Tier8
STAG_Clothing_MountainBag,types,Tier3
STAG_Clothing_MountainBag,types,Tier4
STAG_Clothing_MountainBag,types,Tier5
STAG_Clothing_Cargo_Pants,types,Tier9
STAG_Clothing_Cargo_Pants,types,Tier8
STAG_Clothing_Cargo_Pants,types,Tier7
STAG_Clothing_Cargo_Pants_PT,types,Tier8
STAG_Clothing_Pouches,types,Tier9
STAG_Clothing_Pouches,types,Tier8
STAG_Clothing_Pouches,types,Tier7
STAG_Clothing_Pouches_PT,types,Tier8
STAG_Clothing_Vest,types,Tier9
STAG_Clothing_Vest,types,Tier8
STAG_Clothing_Vest_PT,types,Tier8
STAG_Clothing_PlateCarrier,types,Tier9
STAG_Clothing_PlateCarrier,types,Tier8
STAG_Clothing_PlateCarrier_PT,types,Tier8
ESP_RIS_Adapter,types,Tier3
ESP_RIS_Adapter,types,Tier4
STG_AK_RIS_Adapter,types,Tier3
STG_AK_RIS_Adapter,types,Tier4
STG_AK_Stck_Adapter,types,Tier3
STG_AK_Stck_Adapter,types,Tier4
SRP_PistolSuppressor_Golden,types,Tier5
SRP_PistolSuppressor_Golden,types,Tier6
STG_PBS5_Suppressor,types,Tier4
STG_PBS5_Suppressor,types,Tier5
STG_PBS5_Suppressor,types,Tier6
ESP_Wrapped_Suppressor,types,Tier5
ESP_Wrapped_Suppressor,types,Tier6
ESP_Wrapped_Suppressor_Green,types,Tier3
ESP_Wrapped_Suppressor_Green,types,Tier4
ESP_Wrapped_Suppressor_Green,types,Tier5
ESP_Wrapped_Suppressor_Green,types,Tier6
ESP_Wrapped_Suppressor_Black,types,Tier7
ESP_Tac_Craftsmen,types,Tier3
ESP_Tac_Craftsmen,types,Tier4
ESP_Tac_Craftsmen,types,Tier5
ESP_Tac_Craftsmen,types,Tier6
ESP_Long_Range,types,Tier4
ESP_Long_Range,types,Tier5
ESP_Long_Range,types,Tier7
ESP_Long_Range,types,Tier6
ESP_Hunter,types,Tier3
ESP_Hunter,types,Tier4
ESP_Hunter,types,Tier5
ESP_Hunter,types,Tier6
ESP_Short_Range,types,Tier3
ESP_Short_Range,types,Tier4
ESP_Short_Range,types,Tier5
ESP_Short_Range,types,Tier6
ESP_Spectre,types,Tier3
ESP_Spectre,types,Tier4
ESP_Spectre,types,Tier5
ESP_Spectre,types,Tier6
ESP_RedDot,types,Tier3
ESP_RedDot,types,Tier4
ESP_RedDot,types,Tier2
MMG_JPC_Vest_alpine,mmg,Tier4
MMG_JPC_Vest_alpine,mmg,Tier5
MMG_JPC_Vest_alpine,mmg,Tier6
MMG_JPC_Vest_alpine,mmg,Tier7
MMG_tt_Vest_alpine,mmg,Tier4
MMG_tt_Vest_alpine,mmg,Tier5
MMG_tt_Vest_alpine,mmg,Tier6
MMG_tt_Vest_alpine,mmg,Tier7
MMG_camelback_alpine,mmg,Tier4
MMG_camelback_alpine,mmg,Tier5
MMG_camelback_alpine,mmg,Tier6
MMG_camelback_alpine,mmg,Tier7
ExpansionDeltapointOptic,expansion,Tier3
ExpansionDeltapointOptic,expansion,Tier4
ExpansionDeltapointOptic,expansion,Tier5
ExpansionDeltapointOptic,expansion,Tier6
ExpansionDeltapointOptic,expansion,Tier7
ExpansionEXPS3HoloOptic,expansion,Tier3
ExpansionEXPS3HoloOptic,expansion,Tier4
ExpansionEXPS3HoloOptic,expansion,Tier5
ExpansionEXPS3HoloOptic,expansion,Tier6
ExpansionEXPS3HoloOptic,expansion,Tier7
ExpansionHAMROptic,expansion,Tier3
ExpansionHAMROptic,expansion,Tier4
ExpansionHAMROptic,expansion,Tier5
ExpansionHAMROptic,expansion,Tier6
ExpansionHAMROptic,expansion,Tier7
Expansion_PMII25Optic,expansion,Tier3
Expansion_PMII25Optic,expansion,Tier4
Expansion_PMII25Optic,expansion,Tier5
Expansion_PMII25Optic,expansion,Tier6
Expansion_PMII25Optic,expansion,Tier7
ExpansionReflexMRSOptic,expansion,Tier1
ExpansionReflexMRSOptic,expansion,Tier2
ExpansionReflexMRSOptic,expansion,Tier3
Expansion_M1A_RailAtt,expansion,Tier2
Expansion_M1A_RailAtt,expansion,Tier3
Expansion_M1A_RailAtt,expansion,Tier4
Expansion_M1A_RailAtt,expansion,Tier5
Expansion_M1A_RailAtt,expansion,Tier6
Expansion_M1A_RailAtt,expansion,Tier7
Expansion_ANPEQ15_Red,expansion,Tier3
Expansion_ANPEQ15_Red,expansion,Tier4
Expansion_ANPEQ15_Red,expansion,Tier5
Expansion_ANPEQ15_Red,expansion,Tier6
Expansion_ANPEQ15_Red,expansion,Tier7
Expansion_Kar98_Bayonet,expansion,Tier2
Expansion_Kar98_Bayonet,expansion,Tier3
ExpansionSatchel,expansion,Tier2
ExpansionSatchel,expansion,Tier3
ExpansionSatchel,expansion,Tier4
ExpansionSatchel,expansion,Tier5
ExpansionSatchel,expansion,Tier6
ExpansionSatchel,expansion,Tier7
Expansion_Crossbow,expansion,Tier1
Expansion_Crossbow,expansion,Tier2
Expansion_Crossbow,expansion,Tier3
ExpansionRPG7,expansion,Tier4
ExpansionRPG7,expansion,Tier5
ExpansionRPG7,expansion,Tier6
ExpansionRPG7,expansion,Tier7
ExpansionLAW,expansion,Tier4
ExpansionLAW,expansion,Tier5
ExpansionLAW,expansion,Tier6
ExpansionLAW,expansion,Tier7
Expansion_M79,expansion,Tier3
Expansion_M79,expansion,Tier4
Expansion_M79,expansion,Tier5
Expansion_M79,expansion,Tier6
Expansion_M79,expansion,Tier7
ExpansionFlaregun,expansion,Tier3
ExpansionFlaregun,expansion,Tier4
ExpansionFlaregun,expansion,Tier5
ExpansionFlaregun,expansion,Tier6
ExpansionFlaregun,expansion,Tier7
Expansion_Taser_Yellow,expansion,Tier1
Expansion_Taser_Yellow,expansion,Tier2
Expansion_Taser_Yellow,expansion,Tier3
Expansion_M9,expansion,Tier1
Expansion_M9,expansion,Tier2
Expansion_Longhorn,expansion,Tier2
Expansion_Longhorn,expansion,Tier3
Expansion_Longhorn,expansion,Tier4
Expansion_Longhorn,expansion,Tier5
Expansion_Longhorn,expansion,Tier6
Expansion_Longhorn,expansion,Tier7
Expansion_G36,expansion,Tier2
Expansion_G36,expansion,Tier3
Expansion_MPX,expansion,Tier2
Expansion_MPX,expansion,Tier3
Expansion_MP5,expansion,Tier2
Expansion_MP5,expansion,Tier3
Expansion_MP5,expansion,Tier4
Expansion_MP5,expansion,Tier5
Expansion_MP5,expansion,Tier6
Expansion_MP5,expansion,Tier7
Expansion_MP5SD,expansion,Tier3
Expansion_MP5SD,expansion,Tier4
Expansion_MP5SD,expansion,Tier5
Expansion_MP5SD,expansion,Tier6
Expansion_MP5SD,expansion,Tier7
Expansion_MP5_RailAtt,expansion,Tier3
Expansion_MP5_RailAtt,expansion,Tier4
Expansion_MP5_RailAtt,expansion,Tier5
Expansion_MP5_RailAtt,expansion,Tier6
Expansion_MP5_RailAtt,expansion,Tier7
Expansion_MP7,expansion,Tier3
Expansion_MP7,expansion,Tier4
Expansion_MP7,expansion,Tier5
Expansion_MP7,expansion,Tier6
Expansion_MP7,expansion,Tier7
Expansion_Kedr,expansion,Tier2
Expansion_Kedr,expansion,Tier3
Expansion_VityazSN,expansion,Tier2
Expansion_VityazSN,expansion,Tier3
Expansion_VityazSN,expansion,Tier4
Expansion_VityazSN,expansion,Tier5
Expansion_VityazSN,expansion,Tier6
Expansion_VityazSN,expansion,Tier7
Expansion_M16,expansion,Tier3
Expansion_M16,expansion,Tier4
Expansion_M16,expansion,Tier5
Expansion_M16,expansion,Tier6
Expansion_M16,expansion,Tier7
Expansion_M1A,expansion,Tier3
Expansion_M1A,expansion,Tier4
Expansion_M1A,expansion,Tier5
Expansion_M1A,expansion,Tier6
Expansion_M1A,expansion,Tier7
Expansion_DT11,expansion,Tier2
Expansion_DT11,expansion,Tier3
Expansion_DT11,expansion,Tier4
Expansion_DT11,expansion,Tier5
Expansion_DT11,expansion,Tier6
Expansion_DT11,expansion,Tier7
Expansion_BenelliM4,expansion,Tier3
Expansion_BenelliM4,expansion,Tier4
Expansion_BenelliM4,expansion,Tier5
Expansion_BenelliM4,expansion,Tier6
Expansion_BenelliM4,expansion,Tier7
Expansion_AWM,expansion,Tier4
Expansion_AWM,expansion,Tier5
Expansion_AWM,expansion,Tier6
Expansion_AWM,expansion,Tier7
Expansion_Kar98,expansion,Tier1
Expansion_Kar98,expansion,Tier2
Expansion_Kar98,expansion,Tier3
AmmoBox_Expansion_46x30_25rnd,expansion,Tier3
AmmoBox_Expansion_46x30_25rnd,expansion,Tier4
AmmoBox_Expansion_46x30_25rnd,expansion,Tier5
AmmoBox_Expansion_46x30_25rnd,expansion,Tier6
AmmoBox_Expansion_46x30_25rnd,expansion,Tier7
AmmoBox_Expansion_338_15rnd,expansion,Tier3
AmmoBox_Expansion_338_15rnd,expansion,Tier4
AmmoBox_Expansion_338_15rnd,expansion,Tier5
AmmoBox_Expansion_338_15rnd,expansion,Tier6
AmmoBox_Expansion_338_15rnd,expansion,Tier7
Expansion_AmmoBox_8mm_15rnd,expansion,Tier1
Expansion_AmmoBox_8mm_15rnd,expansion,Tier2
Expansion_AmmoBox_8mm_15rnd,expansion,Tier3
Expansion_Ammo_8mm,expansion,Tier1
Expansion_Ammo_8mm,expansion,Tier2
Expansion_Ammo_8mm,expansion,Tier3
ExpansionAmmoRPG,expansion,Tier3
ExpansionAmmoRPG,expansion,Tier4
ExpansionAmmoRPG,expansion,Tier5
ExpansionAmmoRPG,expansion,Tier6
ExpansionAmmoRPG,expansion,Tier7
ExpansionAmmoLAW,expansion,Tier3
ExpansionAmmoLAW,expansion,Tier4
ExpansionAmmoLAW,expansion,Tier5
ExpansionAmmoLAW,expansion,Tier6
ExpansionAmmoLAW,expansion,Tier7
Mag_Expansion_Taser,expansion,Tier1
Mag_Expansion_Taser,expansion,Tier2
Mag_Expansion_Taser,expansion,Tier3
Mag_Expansion_Vityaz_30Rnd,expansion,Tier2
Mag_Expansion_Vityaz_30Rnd,expansion,Tier3
Mag_Expansion_Vityaz_30Rnd,expansion,Tier4
Mag_Expansion_Vityaz_30Rnd,expansion,Tier5
Mag_Expansion_Vityaz_30Rnd,expansion,Tier6
Mag_Expansion_Vityaz_30Rnd,expansion,Tier7
Mag_Expansion_M14_20Rnd,expansion,Tier2
Mag_Expansion_M14_20Rnd,expansion,Tier3
Mag_Expansion_M14_20Rnd,expansion,Tier4
Mag_Expansion_M14_20Rnd,expansion,Tier5
Mag_Expansion_M14_20Rnd,expansion,Tier6
Mag_Expansion_M14_20Rnd,expansion,Tier7
Mag_Expansion_M14_10Rnd,expansion,Tier1
Mag_Expansion_M14_10Rnd,expansion,Tier2
Mag_Expansion_M14_10Rnd,expansion,Tier3
Mag_Expansion_MPX_50Rnd,expansion,Tier1
Mag_Expansion_MPX_50Rnd,expansion,Tier2
Mag_Expansion_G36_30Rnd,expansion,Tier2
Mag_Expansion_G36_30Rnd,expansion,Tier3
Mag_Expansion_Kedr_20Rnd,expansion,Tier1
Mag_Expansion_Kedr_20Rnd,expansion,Tier2
Mag_Expansion_MP7_40Rnd,expansion,Tier3
Mag_Expansion_MP7_40Rnd,expansion,Tier4
Mag_Expansion_MP7_40Rnd,expansion,Tier5
Mag_Expansion_MP7_40Rnd,expansion,Tier6
Mag_Expansion_MP7_40Rnd,expansion,Tier7
Mag_Expansion_AWM_5Rnd,expansion,Tier4
Mag_Expansion_AWM_5Rnd,expansion,Tier5
Mag_Expansion_AWM_5Rnd,expansion,Tier6
Mag_Expansion_AWM_5Rnd,expansion,Tier7
ExpansionGPS,expansion,Tier3
ExpansionGPS,expansion,Tier4
ExpansionGPS,expansion,Tier5
ExpansionGPS,expansion,Tier6
ExpansionGPS,expansion,Tier7
SNAFU_NPKPBIPOD,snafu,Tier4
SNAFU_NPKPBIPOD,snafu,Tier5
SNAFU_NPKPBIPOD,snafu,Tier6
SNAFU_NPKPBIPOD,snafu,Tier7
Snafu_pkp_250RND_Mag,snafu,Tier4
Snafu_pkp_250RND_Mag,snafu,Tier5
Snafu_pkp_250RND_Mag,snafu,Tier6
Snafu_pkp_250RND_Mag,snafu,Tier7
Snafu_pkp_Black_GUN,snafu,Tier4
Snafu_pkp_Black_GUN,snafu,Tier5
Snafu_pkp_Black_GUN,snafu,Tier6
Snafu_pkp_Black_GUN,snafu,Tier7
SNAFUKivaari_25rdMag,snafu,Tier4
SNAFUKivaari_25rdMag,snafu,Tier5
SNAFUKivaari_25rdMag,snafu,Tier6
SNAFUKivaari_25rdMag,snafu,Tier7
SNAFUKivaari_Black_GUN,snafu,Tier3
SNAFUKivaari_Black_GUN,snafu,Tier4
SNAFUKivaari_Black_GUN,snafu,Tier5
SNAFUKivaari_Black_GUN,snafu,Tier6
SNAFUKivaari_Black_GUN,snafu,Tier7
SNAFU_Bipod,snafu,Tier4
SNAFU_Bipod,snafu,Tier5
SNAFU_Bipod,snafu,Tier6
SNAFU_Bipod,snafu,Tier7
 SNAFU_Tango6T_Black,snafu,Tier3
 SNAFU_Tango6T_Black,snafu,Tier4
 SNAFU_Tango6T_Black,snafu,Tier5
 SNAFU_Tango6T_Black,snafu,Tier6
 SNAFU_Tango6T_Black,snafu,Tier7
