type_id,nominal,lifetime,restock,min,cost,category,crafted,deloot
ACOGOptic,15,7200,1800,10,100,weapons,0,0
ACOGOptic_6x,15,14400,1800,10,100,weapons,0,1
AirborneMask,15,28800,0,10,100,clothes,0,0
AK101,8,10800,1800,5,100,weapons,0,1
AK101_Black,0,10800,0,0,100,weapons,1,0
AK101_Green,0,10800,0,0,100,weapons,1,0
AK74,20,10800,1800,15,100,weapons,0,0
AK74_Black,0,10800,0,0,100,weapons,1,0
AK74_Green,0,10800,0,0,100,weapons,1,0
AK74_Hndgrd,10,7200,0,4,100,weapons,0,0
AK74_WoodBttstck,10,7200,0,4,100,weapons,0,0
AKM,8,10800,3600,6,100,weapons,0,0
AKS74U,25,10800,1800,18,100,weapons,0,0
AKS74U_Black,0,10800,0,0,100,weapons,1,0
AKS74U_Bttstck,12,7200,0,8,100,weapons,0,0
AKS74U_Green,0,10800,0,0,100,weapons,1,0
AK_Bayonet,8,14400,3,4,100,weapons,0,0
AK_FoldingBttstck,8,14400,3,4,100,weapons,0,0
AK_FoldingBttstck_Black,0,7200,0,0,100,weapons,1,0
AK_FoldingBttstck_Green,0,7200,0,0,100,weapons,1,0
AK_PlasticBttstck,8,14400,3,4,100,weapons,0,0
AK_PlasticBttstck_Black,0,7200,0,0,100,weapons,1,0
AK_PlasticBttstck_Green,0,7200,0,0,100,weapons,1,0
AK_PlasticHndgrd,8,14400,3,4,100,weapons,0,0
AK_RailHndgrd,8,14400,3,4,100,weapons,0,0
AK_RailHndgrd_Black,0,7200,0,0,100,weapons,1,0
AK_RailHndgrd_Green,0,7200,0,0,100,weapons,1,0
AK_Suppressor,8,14400,7200,5,100,weapons,0,0
AK_WoodBttstck,8,14400,3,4,100,weapons,0,0
AK_WoodBttstck_Black,0,7200,0,0,100,weapons,1,0
AK_WoodBttstck_Camo,0,7200,0,0,100,weapons,1,0
AK_WoodHndgrd,8,14400,3,4,100,weapons,0,0
AK_WoodHndgrd_Black,0,7200,0,0,100,weapons,1,0
AK_WoodHndgrd_Camo,0,7200,0,0,100,weapons,1,0
AgaricusMushroom,0,900,1800,0,100,food,1,0
AlarmClock_Blue,30,14400,0,20,100,tools,0,0
AlarmClock_Green,30,14400,0,20,100,tools,0,0
AlarmClock_Red,30,14400,0,20,100,tools,0,0
AliceBag_Black,3,86400,1800,2,100,containers,0,0
AliceBag_Camo,6,86400,1800,4,100,containers,0,0
AliceBag_Green,8,86400,1800,5,100,containers,0,0
AmmoBox,20,3888000,0,15,100,containers,0,1
AmmoBox_00buck_10rnd,50,10800,0,30,100,weapons,0,0
AmmoBox_12gaRubberSlug_10Rnd,50,10800,0,30,100,weapons,0,0
AmmoBox_12gaSlug_10Rnd,50,10800,0,30,100,weapons,0,0
AmmoBox_22_50Rnd,70,7200,0,50,100,weapons,0,0
AmmoBox_308WinTracer_20Rnd,35,10800,0,20,100,weapons,0,1
AmmoBox_308Win_20Rnd,50,7200,0,30,100,weapons,0,0
AmmoBox_357_20Rnd,50,10800,0,35,100,weapons,0,0
AmmoBox_380_35rnd,50,10800,0,30,100,weapons,0,0
AmmoBox_45ACP_25rnd,40,10800,0,30,100,weapons,0,0
AmmoBox_545x39Tracer_20Rnd,35,10800,0,20,100,weapons,0,1
AmmoBox_545x39_20Rnd,30,10800,0,20,100,weapons,0,0
AmmoBox_556x45Tracer_20Rnd,35,10800,0,20,100,weapons,0,1
AmmoBox_556x45_20Rnd,45,10800,0,30,100,weapons,0,0
AmmoBox_762x39Tracer_20Rnd,35,10800,0,20,100,weapons,0,1
AmmoBox_762x39_20Rnd,30,10800,0,20,100,weapons,0,0
AmmoBox_762x54Tracer_20Rnd,35,10800,0,20,100,weapons,0,1
AmmoBox_762x54_20Rnd,30,10800,0,20,100,weapons,0,0
AmmoBox_9x19_25rnd,65,10800,0,50,100,weapons,0,0
AmmoBox_9x39AP_20Rnd,20,10800,0,15,100,weapons,0,0
AmmoBox_9x39_20Rnd,30,10800,0,20,100,weapons,0,0
Ammo_12gaPellets,100,7200,0,70,100,weapons,0,0
Ammo_12gaRubberSlug,100,10800,0,70,100,weapons,0,0
Ammo_12gaSlug,90,7200,0,60,100,weapons,0,0
Ammo_22,100,7200,0,80,100,weapons,0,0
Ammo_308Win,80,7200,0,60,100,weapons,0,0
Ammo_308WinTracer,25,10800,0,15,100,weapons,0,0
Ammo_357,100,10800,0,85,100,weapons,0,0
Ammo_380,90,7200,0,60,100,weapons,0,0
Ammo_40mm_Explosive,20,14400,0,10,100,weapons,0,1
Ammo_40mm_Smoke_Black,10,14400,0,6,100,weapons,0,0
Ammo_40mm_Smoke_Green,10,14400,0,6,100,weapons,0,0
Ammo_40mm_Smoke_Red,10,14400,0,6,100,weapons,0,0
Ammo_40mm_Smoke_White,10,14400,0,6,100,weapons,0,0
Ammo_45ACP,85,7200,300,70,100,weapons,0,0
Ammo_545x39,90,10800,180,75,100,weapons,0,0
Ammo_545x39Tracer,25,10800,0,15,100,weapons,0,0
Ammo_556x45,80,7200,0,70,100,weapons,0,0
Ammo_556x45Tracer,25,10800,0,15,100,weapons,0,0
Ammo_762x39,100,7200,0,70,100,weapons,0,0
Ammo_762x39Tracer,25,10800,0,15,100,weapons,0,0
Ammo_762x54,80,7200,0,65,100,weapons,0,0
Ammo_762x54Tracer,20,10800,0,15,100,weapons,0,0
Ammo_9x19,120,7200,0,90,100,weapons,0,0
Ammo_9x39,40,10800,0,30,100,weapons,0,0
Ammo_9x39AP,40,10800,0,30,100,weapons,0,0
Ammo_40mm_ChemGas,6,14400,0,4,100,weapons,0,0
Ammo_CupidsBolt,0,7200,0,0,100,weapons,1,0
Ammo_Flare,25,14400,0,15,100,weapons,0,0
Ammo_FlareBlue,10,14400,0,5,100,weapons,0,0
Ammo_FlareGreen,10,14400,0,5,100,weapons,0,0
Ammo_FlareRed,10,14400,0,5,100,weapons,0,0
Ammo_HuntingBolt,50,14400,0,30,100,weapons,0,0
Ammo_ImprovisedBolt_1,0,7200,0,0,100,weapons,1,0
Ammo_ImprovisedBolt_2,0,7200,0,0,100,weapons,1,0
Animal_CapraHircus_Spooky,0,1800,0,0,100,,0,0
Animal_BosTaurusF_Brown,0,1800,0,0,100,,0,0
Animal_BosTaurusF_Spotted,0,1800,0,0,100,,0,0
Animal_BosTaurusF_White,0,1800,0,0,100,,0,0
Animal_BosTaurus_Brown,0,1800,0,0,100,,0,0
Animal_BosTaurus_Spotted,0,1800,0,0,100,,0,0
Animal_BosTaurus_White,0,1800,0,0,100,,0,0
Animal_CanisLupus_Grey,0,1800,0,0,100,,0,0
Animal_CanisLupus_White,0,1800,0,0,100,,0,0
Animal_CapraHircusF,0,1800,0,0,100,,0,0
Animal_CapraHircus_Black,0,1800,0,0,100,,0,0
Animal_CapraHircus_Brown,0,1800,0,0,100,,0,0
Animal_CapraHircus_White,0,1800,0,0,100,,0,0
Animal_CapreolusCapreolus,0,1800,0,0,100,,0,0
Animal_CapreolusCapreolusF,0,1800,0,0,100,,0,0
Animal_CervusElaphus,0,1800,0,0,100,,0,0
Animal_CervusElaphusF,0,1800,0,0,100,,0,0
Animal_GallusGallusDomesticus,0,1800,0,0,100,,0,0
Animal_GallusGallusDomesticusF_Brown,0,1800,0,0,100,,0,0
Animal_GallusGallusDomesticusF_Spotted,0,1800,0,0,100,,0,0
Animal_GallusGallusDomesticusF_White,0,1800,0,0,100,,0,0
Animal_LepusEuropaeus,0,1800,0,0,100,,0,0
Animal_OvisAries,0,1800,0,0,100,,0,0
Animal_OvisAriesF,0,1800,0,0,100,,0,0
Animal_RangiferTarandus,0,1800,0,0,100,,0,0
Animal_RangiferTarandusF,0,1800,0,0,100,,0,0
Animal_SusDomesticus,0,1800,0,0,100,,0,0
Animal_SusScrofa,0,1800,0,0,100,,0,0
Animal_UrsusArctos,0,1800,0,0,100,,0,0
Animal_VulpesVulpes,0,1800,0,0,100,,0,0
Animal_Polarbear,0,1800,0,0,100,,0,0
AnniversaryBox,0,14400,0,0,100,containers,0,0
Anniversary_FireworksLauncher,0,14400,0,0,100,tools,0,0
AntiChemInjector,4,14400,3600,2,100,tools,0,0
AntiPestsSpray,0,1800,0,0,100,tools,1,0
Apple,0,900,0,0,100,food,1,0
Armband_Crook,0,14400,0,0,100,clothes,1,0
Armband_Rex,0,14400,0,0,100,clothes,1,0
Armband_Zagorky,0,14400,0,0,100,clothes,1,0
Armband_Black,15,5600,0,10,100,clothes,0,1
Armband_Blue,0,5600,0,0,100,clothes,1,0
Armband_Green,0,5600,0,0,100,clothes,1,0
Armband_Orange,0,5600,0,0,100,clothes,1,0
Armband_Pink,0,5600,0,0,100,clothes,1,0
Armband_Red,0,5600,0,0,100,clothes,1,0
Armband_White,0,5600,0,0,100,clothes,1,0
Armband_Yellow,0,5600,0,0,100,clothes,1,0
Armband_APA,0,14400,0,0,100,clothes,1,0
Armband_Altis,0,14400,0,0,100,clothes,1,0
Armband_BabyDeer,0,14400,0,0,100,clothes,1,0
Armband_Bear,0,14400,0,0,100,clothes,1,0
Armband_Bohemia,0,14400,0,0,100,clothes,1,0
Armband_BrainZ,0,14400,0,0,100,clothes,1,0
Armband_CDF,0,14400,0,0,100,clothes,1,0
Armband_CHEL,0,14400,0,0,100,clothes,1,0
Armband_CMC,0,14400,0,0,100,clothes,1,0
Armband_Cannibals,0,14400,0,0,100,clothes,1,0
Armband_Chedaki,0,14400,0,0,100,clothes,1,0
Armband_Chernarus,0,14400,0,0,100,clothes,1,0
Armband_DayZ,0,14400,0,0,100,clothes,1,0
Armband_HunterZ,0,14400,0,0,100,clothes,1,0
Armband_Livonia,0,14400,0,0,100,clothes,1,0
Armband_LivoniaArmy,0,14400,0,0,100,clothes,1,0
Armband_LivoniaPolice,0,14400,0,0,100,clothes,1,0
Armband_NAPA,0,14400,0,0,100,clothes,1,0
Armband_NSahrani,0,14400,0,0,100,clothes,1,0
Armband_Pirates,0,14400,0,0,100,clothes,1,0
Armband_RSTA,0,14400,0,0,100,clothes,1,0
Armband_Refuge,0,14400,0,0,100,clothes,1,0
Armband_Rooster,0,14400,0,0,100,clothes,1,0
Armband_SSahrani,0,14400,0,0,100,clothes,1,0
Armband_Snake,0,14400,0,0,100,clothes,1,0
Armband_TEC,0,14400,0,0,100,clothes,1,0
Armband_UEC,0,14400,0,0,100,clothes,1,0
Armband_Wolf,0,14400,0,0,100,clothes,1,0
Armband_Zenit,0,14400,0,0,100,clothes,1,0
ArmyPouch_Beige,8,14400,0,5,100,containers,0,0
ArmyPouch_Black,6,14400,0,3,100,containers,0,0
ArmyPouch_Camo,8,14400,0,5,100,containers,0,0
ArmyPouch_Green,8,14400,0,5,100,containers,0,0
AssaultBag_Black,6,86400,1800,4,100,containers,0,0
AssaultBag_Green,6,86400,0,4,100,containers,0,0
AssaultBag_Ttsko,6,86400,0,4,100,containers,0,0
AssaultBag_Winter,4,86400,0,3,100,containers,0,0
ASVAL,5,28800,0,3,100,weapons,0,0
AthleticShoes_Black,20,900,0,10,100,clothes,0,0
AthleticShoes_Blue,20,900,0,10,100,clothes,0,0
AthleticShoes_Brown,20,900,0,10,100,clothes,0,0
AthleticShoes_Green,20,900,0,10,100,clothes,0,0
AthleticShoes_Grey,20,900,0,10,100,clothes,0,0
Aug,4,28800,7200,3,100,weapons,0,0
AugShort,9,14400,7200,6,100,weapons,0,1
AuriculariaMushroom,0,900,0,0,100,clothes,1,0
AviatorGlasses,15,2700,0,10,100,clothes,0,1
B95,25,14400,0,15,100,weapons,0,0
Bait,0,14400,0,0,100,tools,1,0
BearPelt,0,28800,0,0,100,tools,1,0
jmc_BearPeltPolar,0,28800,0,0,100,tools,1,0
BDUJacket,15,7200,600,10,100,clothes,0,0
BDUPants,15,7200,600,10,100,clothes,0,0
BUISOptic,8,7200,1800,5,100,weapons,0,0
BakedBeansCan,6,7200,600,3,100,industrialfood,0,0
BakedBeansCan_Opened,0,3600,0,0,100,food,1,0
Balaclava3Holes_Beige,30,7200,0,20,100,clothes,0,0
Balaclava3Holes_Black,30,7200,0,20,100,clothes,0,0
Balaclava3Holes_Blue,30,7200,0,20,100,clothes,0,0
Balaclava3Holes_Green,30,7200,0,20,100,clothes,0,0
Balaclava3Holes_White,2,14400,0,1,100,clothes,0,0
BalaclavaMask_BDU,8,28800,0,4,100,clothes,0,0
BalaclavaMask_Chain,2,28800,0,1,100,clothes,0,0
BalaclavaMask_Beige,2,10800,0,1,100,clothes,0,0
BalaclavaMask_Pig,2,28800,0,1,100,clothes,0,0
BalaclavaMask_Black,2,10800,0,1,100,clothes,0,0
BalaclavaMask_Blackskull,8,10800,0,6,100,clothes,0,0
BalaclavaMask_Blue,20,10800,0,15,100,clothes,0,0
BalaclavaMask_Green,20,10800,0,15,100,clothes,0,0
BalaclavaMask_Pink,2,10800,0,1,100,clothes,0,0
BalaclavaMask_White,8,10800,0,4,100,clothes,0,0
BallisticHelmet_BDU,8,14400,0,4,100,clothes,0,0
BallisticHelmet_Black,0,5600,0,0,100,clothes,1,0
BallisticHelmet_Desert,15,14400,0,10,100,clothes,0,1
BallisticHelmet_Green,0,5600,0,0,100,clothes,1,0
BallisticHelmet_Navy,8,14400,1800,6,100,clothes,0,0
BallisticHelmet_Winter,8,14400,1800,6,100,clothes,0,0
BallisticHelmet_UN,8,5600,1800,5,100,clothes,0,1
BallisticHelmet_Woodland,10,14400,0,5,100,clothes,0,0
BandageDressing,60,5600,0,50,100,tools,0,0
Bandana_Blackpattern,25,1800,0,15,100,clothes,0,0
Bandana_Camopattern,25,1800,0,15,100,clothes,0,0
Bandana_Greenpattern,25,1800,0,15,100,clothes,0,0
Bandana_Polkapattern,25,1800,0,15,100,clothes,0,0
Bandana_Redpattern,25,1800,0,15,100,clothes,0,0
BarbedBaseballBat,0,14400,0,0,100,tools,1,0
BarbedWire,70,7200,0,60,100,tools,0,0
Bark_Birch,0,1800,0,0,100,tools,1,0
Bark_Oak,0,1800,0,0,100,tools,1,0
BarrelHoles_Blue,0,3888000,0,0,100,,1,0
BarrelHoles_Green,0,3888000,0,0,100,,1,0
BarrelHoles_Red,0,3888000,0,0,100,,1,0
BarrelHoles_Yellow,0,3888000,0,0,100,,1,0
Barrel_Blue,15,3888000,0,10,100,containers,0,0
Barrel_Green,15,3888000,0,10,100,containers,0,0
Barrel_Red,15,3888000,0,10,100,containers,0,0
Barrel_Yellow,15,3888000,0,10,100,containers,0,0
BaseRadio,15,7200,1800,10,100,tools,0,0
BaseballBat,30,7200,0,20,100,tools,0,0
BaseballCap_Beige,15,1800,0,10,100,clothes,0,0
BaseballCap_Black,15,1800,0,10,100,clothes,0,0
BaseballCap_Blue,15,1800,0,10,100,clothes,0,0
BaseballCap_CMMG_Black,15,1800,0,10,100,clothes,0,0
BaseballCap_CMMG_Pink,15,1800,0,10,100,clothes,0,0
BaseballCap_Camo,30,1800,0,20,100,clothes,0,0
BaseballCap_Olive,15,1800,0,10,100,clothes,0,0
BaseballCap_Pink,15,1800,0,10,100,clothes,0,0
BaseballCap_Red,15,1800,0,10,100,clothes,0,0
Battery9V,100,7200,0,80,100,tools,0,0
BatteryCharger,25,604800,360,15,100,tools,0,0
BeanieHat_Beige,20,3600,0,15,100,clothes,0,0
BeanieHat_Black,20,3600,0,15,100,clothes,0,0
BeanieHat_Blue,20,3600,0,15,100,clothes,0,0
BeanieHat_Brown,20,3600,0,15,100,clothes,0,0
BeanieHat_Green,20,3600,0,15,100,clothes,0,0
BeanieHat_Grey,20,3600,0,15,100,clothes,0,0
BeanieHat_Pink,20,3600,0,15,100,clothes,0,0
BeanieHat_Red,20,3600,0,15,100,clothes,0,0
BearSteakMeat,0,7200,0,0,100,food,1,0
BearTrap,4,7200,0,2,100,tools,0,0
Bear_Beige,30,1800,0,20,100,containers,0,0
Bear_Dark,30,1800,0,20,100,containers,0,0
Bear_Pink,30,1800,0,20,100,containers,0,0
Bear_White,30,1800,0,20,100,containers,0,0
Binoculars,50,7200,0,35,100,tools,0,0
Bitterlings,0,14400,0,0,100,food,1,0
Blowtorch,40,14400,0,30,100,tools,0,0
BloodBagEmpty,20,7200,0,10,100,tools,0,0
BloodBagFull,0,7200,0,0,100,tools,1,0
BloodBagIV,0,7200,0,0,100,tools,1,0
BloodTestKit,35,7200,0,30,100,tools,0,0
Blouse_Blue,10,1800,0,5,100,clothes,0,0
Blouse_Green,10,1800,0,5,100,clothes,0,0
Blouse_Violet,10,1800,0,5,100,clothes,0,0
Blouse_White,10,1800,0,5,100,clothes,0,0
BoarSteakMeat,0,7200,0,0,100,food,1,0
Boat_01_Black,0,3888000,1800,0,100,,0,0
Boat_01_Blue,0,3888000,1800,0,100,,0,0
Boat_01_Camo,0,3888000,1800,0,100,,0,0
Boat_01_Orange,0,3888000,1800,0,100,,0,0
BoletusMushroom,0,900,0,0,100,clothes,1,0
BomberJacket_Black,15,5600,0,10,100,clothes,0,0
BomberJacket_Blue,15,5600,0,10,100,clothes,0,0
BomberJacket_Brown,15,5600,0,10,100,clothes,0,0
BomberJacket_Grey,15,5600,0,10,100,clothes,0,0
BomberJacket_Maroon,15,5600,0,10,100,clothes,0,0
BomberJacket_Olive,15,5600,0,10,100,clothes,0,0
BomberJacket_SkyBlue,15,5600,0,10,100,clothes,0,0
Bone,0,3600,0,0,100,,1,0
BoneBait,0,7200,0,0,100,,1,0
BoneHook,0,7200,0,0,100,,1,0
Bonfire,0,3,0,0,100,,0,0
BoonieHat_Black,15,5600,0,10,100,clothes,0,0
BoonieHat_Blue,15,5600,0,10,100,clothes,0,0
BoonieHat_DPM,15,5600,0,10,100,clothes,0,0
BoonieHat_Dubok,15,5600,0,10,100,clothes,0,0
BoonieHat_Flecktran,15,5600,0,10,100,clothes,0,0
BoonieHat_NavyBlue,15,5600,0,10,100,clothes,0,0
BoonieHat_Olive,15,5600,0,10,100,clothes,0,0
BoonieHat_Orange,15,5600,0,10,100,clothes,0,0
BoonieHat_Red,15,5600,0,10,100,clothes,0,0
BoonieHat_Tan,15,5600,0,10,100,clothes,0,0
BoonieHat_Winter,6,14400,0,3,100,clothes,0,0
BoneKnife,0,14400,0,0,100,tools,1,0
BoxCerealCrunchin,3,10800,600,1,100,industrialfood,0,0
BrassKnuckles_Dull,30,7200,0,20,100,tools,0,0
BrassKnuckles_Shiny,30,7200,0,20,100,tools,0,0
Breeches_Beetcheck,20,2700,0,10,100,clothes,0,0
Breeches_Beige,20,2700,0,10,100,clothes,0,0
Breeches_Black,20,2700,0,10,100,clothes,0,0
Breeches_Blackcheck,20,2700,0,10,100,clothes,0,0
Breeches_Blue,20,2700,0,10,100,clothes,0,0
Breeches_Browncheck,20,2700,0,10,100,clothes,0,0
Breeches_Green,20,2700,0,10,100,clothes,0,0
Breeches_Pink,20,2700,0,10,100,clothes,0,0
Breeches_Red,20,2700,0,10,100,clothes,0,0
Breeches_White,20,2700,0,10,100,clothes,0,0
BrisketSpread,25,14400,0,20,100,food,0,0
BrisketSpread_Opened,0,14400,0,0,100,food,1,0
Broom,50,14400,0,30,100,tools,0,0
Broom_Birch,0,14400,0,0,100,,0,1
BudenovkaHat_Gray,12,14400,0,9,100,clothes,0,0
BurlapSack,80,7200,0,60,100,tools,0,0
BurlapSackCover,0,5600,0,0,100,tools,1,0
BurlapStrip,0,7200,0,0,100,tools,1,0
BushlatPoliceJacket_Blue,30,14400,0,20,100,clothes,0,0
CatFoodCan,30,14400,0,20,100,food,0,0
Candycane_Green,0,14400,0,0,100,food,0,0
Candycane_Red,0,14400,0,0,100,food,0,0
Candycane_RedGreen,0,14400,0,0,100,food,0,0
Candycane_Yellow,0,14400,0,0,100,food,0,0
CatFoodCan_Opened,0,14400,0,0,100,food,1,0
Cauldron,0,14400,0,0,100,,0,1
CanvasBag_Medical,5,14400,0,3,100,containers,0,0
CanvasBag_Olive,12,14400,0,6,100,containers,0,0
ChelatingTablets,45,1800,0,36,100,tools,0,0
CZ527,35,14400,0,30,100,weapons,0,0
CZ550,30,28800,0,22,100,weapons,0,0
CrudeMachete,40,14400,0,30,100,tools,0,0
Chainmail,3,14400,0,2,100,clothes,0,0
Chainmail_Coif,3,14400,0,2,100,clothes,0,0
Chainmail_Leggings,3,14400,0,2,100,clothes,0,0
Chestplate,3,14400,0,2,100,clothes,0,0
ChickenFeather,0,7200,0,0,100,tools,1,0
Chips,50,14400,0,40,100,food,0,0
ChristmasHeadband_Antlers,0,14400,0,0,100,clothes,0,0
ChristmasHeadband_Gingerbread,0,14400,0,0,100,clothes,0,0
ChristmasHeadband_Trees,0,14400,0,0,100,clothes,0,0
ClaymoreMine,6,14400,0,3,100,explosives,0,1
Cleaver,15,14400,0,10,100,tools,0,0
Crackers,50,14400,0,40,100,food,0,0
CookingStand,0,14400,0,0,100,tools,1,0
Crossbow_Autumn,4,14400,0,2,100,weapons,0,0
Crossbow_Summer,4,14400,0,2,100,weapons,0,0
Crossbow_Wood,4,14400,0,2,100,weapons,0,0
Crossbow_Black,4,14400,0,2,100,weapons,0,0
CrookedNose,0,14400,0,0,100,,0,1
CZ61,30,10800,1800,22,100,weapons,0,0
CZ75,25,10800,0,18,100,weapons,0,0
CableReel,50,604800,0,40,100,tools,0,0
Camonet,20,7200,0,10,100,tools,0,0
CanOpener,30,7200,0,20,100,tools,0,0
CaninaBerry,0,1800,0,0,100,tools,1,0
CanisterGasoline,50,10800,0,40,100,tools,0,0
Canteen,30,7200,0,15,100,food,0,0
CanvasPantsMidi_Beige,30,2700,0,20,100,clothes,0,0
CanvasPantsMidi_Blue,30,2700,0,20,100,clothes,0,0
CanvasPantsMidi_Grey,30,2700,0,20,100,clothes,0,0
CanvasPantsMidi_Red,30,2700,0,20,100,clothes,0,0
CanvasPantsMidi_Violet,30,2700,0,20,100,clothes,0,0
CanvasPants_Beige,30,5600,0,20,100,clothes,0,0
CanvasPants_Blue,30,5600,0,20,100,clothes,0,0
CanvasPants_Grey,30,5600,0,20,100,clothes,0,0
CanvasPants_Red,30,5600,0,20,100,clothes,0,0
CanvasPants_Violet,30,5600,0,20,100,clothes,0,0
CarBattery,60,86400,360,40,100,tools,0,0
CarRadiator,70,14400,0,50,100,tools,0,0
CarTent,20,3888000,0,10,100,tools,0,0
CargoPants_Beige,35,5600,0,25,100,clothes,0,0
CargoPants_Black,35,5600,0,25,100,clothes,0,0
CargoPants_Blue,35,5600,0,25,100,clothes,0,0
CargoPants_Green,35,5600,0,25,100,clothes,0,0
CargoPants_Grey,35,5600,0,25,100,clothes,0,0
Carp,0,14400,0,0,100,food,1,0
CarpFilletMeat,0,14400,0,0,100,food,1,0
CattleProd,0,7200,0,0,100,tools,0,0
CharcoalTablets,50,10800,0,40,100,tools,0,0
Chemlight_Blue,40,14400,0,30,100,tools,0,0
Chemlight_Green,40,14400,0,30,100,tools,0,0
Chemlight_Red,40,14400,0,30,100,tools,0,0
Chemlight_White,40,14400,0,30,100,tools,0,0
Chemlight_Yellow,40,14400,0,30,100,tools,0,0
ChernarusMap,40,7200,0,30,100,tools,0,0
ChernarusMap_Open,0,180,0,0,100,tools,1,0
ChernarusSportShirt,10,5600,0,4,100,clothes,0,0
ChestHolster,40,7200,0,30,100,clothes,0,0
ChickenBreastMeat,0,7200,0,0,100,food,1,0
ChildBag_Blue,15,14400,0,10,100,containers,0,0
ChildBag_Green,15,14400,0,10,100,containers,0,0
ChildBag_Red,15,14400,0,10,100,containers,0,0
ChristmasTree_Green,0,3,0,0,100,,0,0
ChristmasTree,0,3,0,0,100,,0,0
CivSedanDoors_BackLeft,0,10800,0,0,100,lootdispatch,0,0
CivSedanDoors_BackLeft_Black,0,10800,0,0,100,lootdispatch,0,0
CivSedanDoors_BackLeft_BlackRust,0,10800,0,0,100,lootdispatch,0,0
CivSedanDoors_BackLeft_WhiteRust,0,10800,0,0,100,lootdispatch,0,0
CivSedanDoors_BackLeft_Wine,0,10800,0,0,100,lootdispatch,0,0
CivSedanDoors_BackLeft_WineRust,0,10800,0,0,100,lootdispatch,0,0
CivSedanDoors_BackRight,0,10800,0,0,100,lootdispatch,0,0
CivSedanDoors_BackRight_Black,0,10800,0,0,100,lootdispatch,0,0
CivSedanDoors_BackRight_BlackRust,0,10800,0,0,100,lootdispatch,0,0
CivSedanDoors_BackRight_WhiteRust,0,10800,0,0,100,lootdispatch,0,0
CivSedanDoors_BackRight_Wine,0,10800,0,0,100,lootdispatch,0,0
CivSedanDoors_BackRight_WineRust,0,10800,0,0,100,lootdispatch,0,0
CivSedanDoors_CoDriver,0,10800,0,0,100,lootdispatch,0,0
CivSedanDoors_CoDriver_Black,0,10800,0,0,100,lootdispatch,0,0
CivSedanDoors_CoDriver_BlackRust,0,10800,0,0,100,lootdispatch,0,0
CivSedanDoors_CoDriver_WhiteRust,0,10800,0,0,100,lootdispatch,0,0
CivSedanDoors_CoDriver_Wine,0,10800,0,0,100,lootdispatch,0,0
CivSedanDoors_CoDriver_WineRust,0,10800,0,0,100,lootdispatch,0,0
CivSedanDoors_Driver,0,10800,0,0,100,lootdispatch,0,0
CivSedanDoors_Driver_Black,0,10800,0,0,100,lootdispatch,0,0
CivSedanDoors_Driver_BlackRust,0,10800,0,0,100,lootdispatch,0,0
CivSedanDoors_Driver_WhiteRust,0,10800,0,0,100,lootdispatch,0,0
CivSedanDoors_Driver_Wine,0,10800,0,0,100,lootdispatch,0,0
CivSedanDoors_Driver_WineRust,0,10800,0,0,100,lootdispatch,0,0
CivSedanHood,4,10800,0,2,100,lootdispatch,0,0
CivSedanHood_Black,4,10800,0,2,100,lootdispatch,0,0
CivSedanHood_BlackRust,0,10800,0,0,100,lootdispatch,0,0
CivSedanHood_WhiteRust,0,10800,0,0,100,lootdispatch,0,0
CivSedanHood_Wine,4,10800,0,2,100,lootdispatch,0,0
CivSedanHood_WineRust,4,10800,0,2,100,lootdispatch,0,0
CivSedanTrunk,4,10800,0,2,100,lootdispatch,0,0
CivSedanTrunk_Black,4,10800,0,2,100,lootdispatch,0,0
CivSedanTrunk_BlackRust,0,10800,0,0,100,lootdispatch,0,0
CivSedanTrunk_WhiteRust,0,10800,0,0,100,lootdispatch,0,0
CivSedanTrunk_Wine,4,10800,0,2,100,lootdispatch,0,0
CivSedanTrunk_WineRust,4,10800,0,2,100,lootdispatch,0,0
CivSedanWheel,0,10800,0,0,100,lootdispatch,0,0
CivSedanWheel_Ruined,0,1800,0,0,100,lootdispatch,1,0
CivilianBelt,60,7200,0,40,100,clothes,0,0
CivilianSedan,0,3,1800,0,100,,0,0
CivilianSedan_Black,0,3,1800,0,100,,0,0
CivilianSedan_Wine,0,3,1800,0,100,,0,0
Colt1911,45,7200,0,35,100,weapons,0,0
CombatBoots_Beige,6,5600,1800,4,100,clothes,0,0
CombatBoots_Black,3,5600,1800,2,100,clothes,0,0
CombatBoots_Brown,6,5600,1800,4,100,clothes,0,0
CombatBoots_Green,6,5600,1800,4,100,clothes,0,0
CombatBoots_Grey,6,5600,1800,4,100,clothes,0,0
CombatKnife,25,7200,0,20,100,tools,0,0
CombinationLock,40,7200,0,20,100,tools,0,0
CombinationLock4,20,7200,0,10,100,tools,0,0
Compass,50,7200,1800,40,100,tools,0,0
ConstructionHelmet_Blue,20,5600,0,15,100,clothes,0,0
ConstructionHelmet_Lime,20,5600,0,15,100,clothes,0,0
ConstructionHelmet_Orange,20,5600,0,15,100,clothes,0,0
ConstructionHelmet_Red,20,5600,0,15,100,clothes,0,0
ConstructionHelmet_White,20,5600,0,15,100,clothes,0,0
ConstructionHelmet_Yellow,20,5600,0,15,100,clothes,0,0
ContaminatedArea_Dynamic,0,1800,0,0,100,,0,0
CourierBag,0,21600,0,0,100,clothes,1,0
CowPelt,0,10800,0,0,100,clothes,1,0
CowSteakMeat,0,7200,0,0,100,food,1,0
CowboyHat_Brown,35,5600,0,25,100,clothes,0,0
CowboyHat_black,35,5600,0,25,100,clothes,0,0
CowboyHat_darkBrown,35,5600,0,25,100,clothes,0,0
CowboyHat_green,35,5600,0,25,100,clothes,0,0
CoyoteBag_Brown,6,86400,1800,3,100,containers,0,0
CoyoteBag_Green,6,86400,1800,3,100,containers,0,0
CoyoteBag_Winter,3,86400,0,1,100,containers,0,0
Crowbar,60,7200,0,40,100,tools,0,0
CrabCan,30,14400,0,20,100,food,0,0
CrabCan_Opened,0,9000,0,0,100,food,1,0
CraterellusMushroom,0,900,0,0,100,,1,0
DarkMotoHelmet_Black,15,1800,0,10,100,clothes,0,0
DarkMotoHelmet_Blue,15,1800,0,10,100,clothes,0,0
DarkMotoHelmet_Green,15,1800,0,10,100,clothes,0,0
DarkMotoHelmet_Grey,15,1800,0,10,100,clothes,0,0
DarkMotoHelmet_Lime,15,1800,0,10,100,clothes,0,0
DarkMotoHelmet_Red,15,1800,0,10,100,clothes,0,0
DarkMotoHelmet_White,15,1800,0,10,100,clothes,0,0
DarkMotoHelmet_Yellow,15,14400,0,10,100,clothes,0,0
DarkMotoHelmet_YellowScarred,15,14400,0,10,100,clothes,0,0
DeadFox,0,1800,0,0,100,,1,0
DeerPelt,30,10800,0,10,100,clothes,1,0
DeerSteakMeat,0,7200,0,0,100,food,1,0
Defibrillator,0,7200,0,0,100,tools,0,0
DenimJacket,50,2700,0,40,100,clothes,0,0
Derringer_Black,0,14400,0,0,100,weapons,0,0
Derringer_Grey,30,14400,0,20,100,weapons,0,0
Derringer_Pink,0,14400,0,0,100,weapons,0,0
DesignerGlasses,15,5600,0,10,100,clothes,0,0
DeadChicken_Brown,0,14400,0,0,100,food,1,0
DeadChicken_Spotted,0,14400,0,0,100,food,1,0
DeadChicken_White,0,14400,0,0,100,food,1,0
DeadRabbit,0,14400,0,0,100,food,1,0
DeadRooster,0,14400,0,0,100,food,1,0
Deagle,35,28800,0,28,100,weapons,0,0
Deagle_Gold,2,28800,0,1,100,weapons,0,0
DirtBikeHelmet_Black,20,5600,0,10,100,clothes,0,0
DirtBikeHelmet_Blue,20,5600,0,10,100,clothes,0,0
DirtBikeHelmet_Chernarus,20,5600,0,10,100,clothes,0,0
DirtBikeHelmet_Green,20,5600,0,10,100,clothes,0,0
DirtBikeHelmet_Khaki,20,5600,0,10,100,clothes,0,0
DirtBikeHelmet_Mouthguard,20,5600,0,10,100,clothes,0,0
DirtBikeHelmet_Police,20,5600,0,10,100,clothes,0,0
DirtBikeHelmet_Red,20,5600,0,10,100,clothes,0,0
DirtBikeHelmet_Visor,20,5600,0,10,100,clothes,0,0
DisinfectantAlcohol,70,3600,0,50,100,tools,0,0
DisinfectantSpray,50,2700,0,30,100,tools,0,0
DogFoodCan,20,14400,0,15,100,food,0,0
DogFoodCan_Opened,0,14400,0,0,100,food,1,0
DownJacket_Blue,20,7200,0,15,100,clothes,0,0
DownJacket_Green,30,7200,0,20,100,clothes,0,0
DownJacket_Orange,30,7200,0,20,100,clothes,0,0
DownJacket_Red,30,7200,0,20,100,clothes,0,0
DressShoes_Beige,15,2700,0,10,100,clothes,0,0
DressShoes_Black,15,2700,0,10,100,clothes,0,0
DressShoes_Brown,15,2700,0,10,100,clothes,0,0
DressShoes_Sunburst,15,2700,0,10,100,clothes,0,0
DressShoes_White,15,2700,0,10,100,clothes,0,0
DryBag_Black,15,14400,0,10,100,containers,0,0
DryBag_Blue,15,14400,0,10,100,containers,0,0
DryBag_Green,15,14400,0,10,100,containers,0,0
DryBag_Orange,15,14400,0,10,100,containers,0,0
DryBag_Red,15,14400,600,10,100,containers,0,0
DryBag_Yellow,15,14400,0,10,100,containers,0,0
DrysackBag_Green,0,86400,0,0,100,containers,1,0
DrysackBag_Orange,0,86400,0,0,100,containers,1,0
DrysackBag_Yellow,0,86400,0,0,100,containers,1,0
DuctTape,120,7200,0,90,100,tools,0,0
DuffelBagSmall_Camo,5,14400,0,3,100,containers,0,0
DuffelBagSmall_Green,5,14400,0,3,100,containers,0,0
DuffelBagSmall_Medical,5,14400,0,2,100,containers,0,0
EasterEgg,0,28800,0,0,100,,0,0
ElectronicRepairKit,40,7200,0,20,100,tools,0,0
EngineOil,0,14400,0,0,100,tools,0,0
Engraved1911,20,7200,0,10,100,weapons,0,0
Epinephrine,40,10800,0,30,100,tools,0,0
EpoxyPutty,70,7200,0,40,100,tools,0,0
EyeMask_Black,3,14400,0,1,100,clothes,0,0
EyeMask_Blue,3,14400,0,1,100,clothes,0,0
EyeMask_Christmas,0,14400,0,0,100,clothes,0,0
EyeMask_Dead,0,14400,0,0,100,clothes,0,0
EyeMask_NewYears,0,14400,0,0,100,clothes,0,0
EyeMask_Red,3,14400,0,1,100,clothes,0,0
EyeMask_Valentines,0,14400,0,0,100,clothes,0,0
EyeMask_Yellow,3,14400,0,1,100,clothes,0,0
EyePatch_Improvised,0,14400,0,0,100,clothes,1,0
FaceCover_Improvised,0,14400,0,0,100,clothes,1,0
FeetCover_Improvised,0,14400,0,0,100,clothes,1,0
Fabric,50,28800,0,30,100,tools,0,0
FAL,3,7200,7200,2,100,weapons,0,0
FangeKnife,30,14400,0,20,100,tools,0,0
FarmingHoe,100,14400,0,70,100,tools,0,0
FilteringBottle,10,7200,1800,6,100,tools,0,0
FNP45_MRDSOptic,10,7200,1800,5,100,weapons,0,0
FNX45,20,10800,1800,15,100,weapons,0,0
Fal_FoldingBttstck,5,7200,0,3,100,weapons,0,0
Fal_OeBttstck,5,7200,0,3,100,weapons,0,0
FAMAS,14,28800,0,8,100,weapons,0,0
Fence,0,3888000,0,0,100,tools,1,0
FenceKit,0,7200,0,0,100,tools,1,0
FieldShovel,35,14400,0,25,100,tools,0,0
FireworksLauncher,5,14400,0,3,100,tools,0,0
FirefighterAxe,30,7200,0,20,100,tools,0,0
FirefighterAxe_Black,0,7200,0,0,100,tools,1,0
FirefighterAxe_Green,0,7200,0,0,100,tools,1,0
FirefighterJacket_Beige,10,5600,0,5,100,clothes,0,0
FirefighterJacket_Black,10,5600,0,5,100,clothes,0,0
FirefightersHelmet_Red,10,5600,0,5,100,clothes,0,0
FirefightersHelmet_White,10,14400,0,5,100,clothes,0,0
FirefightersHelmet_Yellow,10,5600,0,5,100,clothes,0,0
FirefightersPants_Beige,10,5600,0,5,100,clothes,0,0
FirefightersPants_Black,10,5600,0,5,100,clothes,0,0
Fireplace,0,10800,0,0,100,,1,0
FireplaceIndoor,0,10800,0,0,100,,1,0
Firewood,10,7200,0,6,100,clothes,1,0
FirstAidKit,45,14400,0,35,100,containers,0,0
FishNetTrap,0,28800,0,0,100,tools,1,0
FishingRod,70,1800,0,50,100,tools,0,0
Flag_Crook,0,14400,0,0,100,tools,0,0
Flag_Rex,0,14400,0,0,100,tools,0,0
Flag_Zagorky,0,14400,0,0,100,tools,0,0
Flag_RSTA,4,14400,0,2,100,tools,0,0
Flag_Refuge,4,14400,0,2,100,tools,0,0
Flag_Snake,4,14400,0,2,100,tools,0,0
Flag_APA,0,14400,0,0,100,tools,0,0
Flag_Altis,0,14400,0,0,100,tools,0,0
Flag_BabyDeer,4,14400,0,2,100,tools,0,0
Flag_Bear,0,14400,0,0,100,tools,0,0
Flag_Bohemia,4,14400,0,2,100,tools,0,0
Flag_BrainZ,0,14400,0,0,100,tools,0,0
Flag_CDF,4,14400,0,2,100,tools,0,0
Flag_CHEL,4,14400,0,2,100,tools,0,0
Flag_CMC,4,14400,0,2,100,tools,0,0
Flag_Cannibals,4,14400,0,2,100,tools,0,0
Flag_Chedaki,4,14400,0,2,100,tools,0,0
Flag_Chernarus,4,14400,0,2,100,tools,0,0
Flag_DayZ,4,14400,0,2,100,tools,0,0
Flag_HunterZ,4,14400,0,2,100,tools,0,0
Flag_Livonia,0,14400,0,0,100,tools,0,0
Flag_LivoniaArmy,0,14400,0,0,100,tools,0,0
Flag_LivoniaPolice,0,14400,0,0,100,tools,0,0
Flag_NAPA,4,14400,0,2,100,tools,0,0
Flag_NSahrani,0,14400,0,0,100,tools,0,0
Flag_Pirates,4,14400,0,2,100,tools,0,0
Flag_Rooster,4,14400,0,2,100,tools,0,0
Flag_SSahrani,0,14400,0,0,100,tools,0,0
Flag_TEC,4,14400,0,2,100,tools,0,0
Flag_UEC,4,14400,0,2,100,tools,0,0
Flag_White,4,14400,0,2,100,tools,0,0
Flag_Wolf,4,14400,0,2,100,tools,0,0
Flag_Zenit,4,14400,0,2,100,tools,0,0
Flaregun,20,14400,0,10,100,weapons,0,0
FlashGrenade,50,7200,0,40,100,explosives,0,0
Flashlight,70,1800,0,50,100,tools,0,0
FlatCap_Black,30,9600,0,20,100,clothes,0,0
FlatCap_BlackCheck,30,9600,0,20,100,clothes,0,0
FlatCap_Blue,30,9600,0,20,100,clothes,0,0
FlatCap_Brown,30,9600,0,20,100,clothes,0,0
FlatCap_BrownCheck,30,9600,0,20,100,clothes,0,0
FlatCap_Grey,30,9600,0,20,100,clothes,0,0
FlatCap_GreyCheck,30,9600,0,20,100,clothes,0,0
FlatCap_Red,30,9600,0,20,100,clothes,0,0
FryingPan,50,7200,0,30,100,tools,0,0
FurCourierBag,0,7200,1800,0,100,containers,1,0
FurImprovisedBag,0,7200,0,0,100,containers,1,0
GardenPlotGreenhouse,0,604800,0,0,100,tools,1,0
GardenPlotPolytunnel,0,604800,0,0,100,tools,1,0
GP5GasMask,20,7200,0,15,100,clothes,0,1
GPSReceiver,20,7200,0,10,100,tools,0,0
GardenLime,80,7200,0,50,100,tools,0,0
GardenPlot,0,21600,0,0,100,tools,1,0
GasMask_Filter_Improvised,0,28800,0,0,100,clothes,1,0
GasMask,20,7200,0,15,100,clothes,0,0
GasMask_Filter,50,14400,0,40,100,clothes,0,0
GhillieAtt_Mossy,2,7200,0,1,100,clothes,0,0
GhillieAtt_Tan,2,7200,0,1,100,clothes,0,0
GhillieAtt_Woodland,2,7200,0,1,100,clothes,0,1
GhillieBushrag_Mossy,2,7200,0,1,100,clothes,0,0
GhillieBushrag_Tan,2,7200,0,1,100,clothes,0,0
GhillieBushrag_Woodland,2,7200,0,1,100,clothes,0,1
GhillieHood_Mossy,2,5600,0,1,100,clothes,0,0
GhillieHood_Tan,2,5600,0,1,100,clothes,0,0
GhillieHood_Woodland,2,5600,0,1,100,clothes,0,1
GhillieSuit_Mossy,4,7200,14400,2,100,clothes,0,0
GhillieSuit_Tan,2,7200,14400,1,100,clothes,0,0
GhillieSuit_Woodland,5,7200,14400,3,100,clothes,0,1
GhillieTop_Mossy,2,7200,0,1,100,clothes,0,0
GhillieTop_Tan,2,7200,0,1,100,clothes,0,0
GhillieTop_Woodland,2,7200,0,1,100,clothes,0,1
GhillieAtt_Winter,3,14400,0,1,100,,0,0
GhillieBushrag_Winter,3,14400,0,1,100,clothes,0,0
GhillieHood_Winter,3,14400,0,1,100,clothes,0,0
GhillieSuit_Winter,3,14400,0,1,100,clothes,0,0
GhillieTop_Winter,3,14400,0,1,100,clothes,0,0
GiftWrapPaper,0,14400,0,0,100,tools,1,0
GiftBox_Large_1,0,1800,0,0,100,containers,0,0
GiftBox_Large_2,0,1800,0,0,100,containers,0,0
GiftBox_Large_3,0,1800,0,0,100,containers,0,0
GiftBox_Large_4,0,1800,0,0,100,containers,0,0
GiftBox_Medium_1,0,1800,0,0,100,containers,0,0
GiftBox_Medium_2,0,1800,0,0,100,containers,0,0
GiftBox_Medium_3,0,1800,0,0,100,containers,0,0
GiftBox_Medium_4,0,1800,0,0,100,containers,0,0
GiftBox_Small_1,0,1800,0,0,100,containers,0,0
GiftBox_Small_2,0,1800,0,0,100,containers,0,0
GiftBox_Small_3,0,1800,0,0,100,containers,0,0
GiftBox_Small_4,0,1800,0,0,100,containers,0,0
GlassBottle,20,14400,0,10,100,,0,0
Glock19,25,7200,0,15,100,weapons,0,0
GlowPlug,40,14400,0,30,100,tools,0,0
GoatPelt,0,10800,0,0,100,tools,1,0
GoatSteakMeat,0,7200,0,0,100,food,1,0
GorkaEJacket_Autumn,8,5600,600,6,100,clothes,0,0
GorkaEJacket_Flat,8,5600,600,6,100,clothes,0,0
GorkaEJacket_PautRev,8,5600,600,6,100,clothes,0,0
GorkaEJacket_Summer,8,5600,600,6,100,clothes,0,0
GorkaEJacket_Winter,6,14400,600,4,100,clothes,0,0
GorkaPants_Winter,6,14400,600,4,100,clothes,0,0
GorkaHelmet,10,5600,600,5,100,clothes,0,1
GorkaHelmetVisor,5,5600,600,3,100,clothes,0,1
GorkaPants_Autumn,15,5600,600,10,100,clothes,0,0
GorkaPants_Flat,15,5600,600,10,100,clothes,0,0
GorkaPants_PautRev,15,5600,600,10,100,clothes,0,0
GorkaPants_Summer,15,5600,600,10,100,clothes,0,0
GreatHelm,8,5600,0,4,100,clothes,0,0
GreenBellPepper,40,3600,0,30,100,food,0,0
Grenade_ChemGas,15,900,0,10,100,explosives,0,0
Guts,0,3600,0,0,100,food,1,0
Hacksaw,80,7200,0,50,100,tools,0,0
HandsCover_Improvised,0,14400,0,0,100,clothes,1,0
Headdress_Wolf,0,14400,0,0,100,clothes,1,0
HipPack_Black,50,14400,0,40,100,containers,0,0
HipPack_Green,30,14400,0,20,100,containers,0,0
HipPack_Medical,30,14400,0,20,100,containers,0,0
HipPack_Party,50,14400,0,40,100,containers,0,0
HeadCover_Improvised,0,14400,0,0,100,clothes,1,0
Hammer,120,7200,0,80,100,tools,0,0
HandDrillKit,0,7200,0,0,100,tools,1,0
HandSaw,120,7200,0,80,100,tools,0,0
HandcuffKeys,20,7200,0,10,100,tools,0,0
Handcuffs,30,7200,0,20,100,tools,0,0
HandcuffsLocked,0,1800,0,0,100,tools,1,0
HatchbackDoors_CoDriver,0,10800,0,0,100,lootdispatch,0,0
HatchbackDoors_CoDriver_Blue,0,10800,0,0,100,lootdispatch,0,0
HatchbackDoors_CoDriver_BlueRust,0,10800,0,0,100,lootdispatch,0,0
HatchbackDoors_CoDriver_GreenRust,0,10800,0,0,100,lootdispatch,0,0
HatchbackDoors_CoDriver_White,0,10800,0,0,100,lootdispatch,0,0
HatchbackDoors_CoDriver_WhiteRust,0,10800,0,0,100,lootdispatch,0,0
HatchbackDoors_Driver,0,10800,0,0,100,lootdispatch,0,0
HatchbackDoors_Driver_Blue,0,10800,0,0,100,lootdispatch,0,0
HatchbackDoors_Driver_BlueRust,0,10800,0,0,100,lootdispatch,0,0
HatchbackDoors_Driver_GreenRust,0,10800,0,0,100,lootdispatch,0,0
HatchbackDoors_Driver_White,0,10800,0,0,100,lootdispatch,0,0
HatchbackDoors_Driver_WhiteRust,0,10800,0,0,100,lootdispatch,0,0
HatchbackHood,0,10800,0,0,100,lootdispatch,0,0
HatchbackHood_Blue,0,10800,0,0,100,lootdispatch,0,0
HatchbackHood_BlueRust,0,10800,0,0,100,lootdispatch,0,0
HatchbackHood_GreenRust,0,10800,0,0,100,lootdispatch,0,0
HatchbackHood_White,0,10800,0,0,100,lootdispatch,0,0
HatchbackHood_WhiteRust,0,10800,0,0,100,lootdispatch,0,0
HatchbackTrunk,0,10800,0,0,100,lootdispatch,0,0
HatchbackTrunk_Blue,0,10800,0,0,100,lootdispatch,0,0
HatchbackTrunk_BlueRust,0,10800,0,0,100,lootdispatch,0,0
HatchbackTrunk_GreenRust,0,10800,0,0,100,lootdispatch,0,0
HatchbackTrunk_White,0,10800,0,0,100,lootdispatch,0,0
HatchbackTrunk_WhiteRust,0,10800,0,0,100,lootdispatch,0,0
HatchbackWheel,0,10800,0,0,100,lootdispatch,0,0
HatchbackWheel_Ruined,0,1800,0,0,100,lootdispatch,1,0
Hatchback_02,0,3,1800,0,100,,0,0
Hatchback_02_Black,0,3,1800,0,100,,0,0
Hatchback_02_Blue,0,3,1800,0,100,,0,0
Hatchback_02_Door_1_1,0,10800,0,0,100,lootdispatch,0,0
Hatchback_02_Door_1_1_Black,0,10800,0,0,100,lootdispatch,0,0
Hatchback_02_Door_1_1_BlackRust,0,10800,0,0,100,lootdispatch,0,0
Hatchback_02_Door_1_1_Blue,0,10800,0,0,100,lootdispatch,0,0
Hatchback_02_Door_1_1_BlueRust,0,10800,0,0,100,lootdispatch,0,0
Hatchback_02_Door_1_1_RedRust,0,10800,0,0,100,lootdispatch,0,0
Hatchback_02_Door_1_2,0,10800,0,0,100,lootdispatch,0,0
Hatchback_02_Door_1_2_Black,0,10800,0,0,100,lootdispatch,0,0
Hatchback_02_Door_1_2_BlackRust,0,10800,0,0,100,lootdispatch,0,0
Hatchback_02_Door_1_2_Blue,0,10800,0,0,100,lootdispatch,0,0
Hatchback_02_Door_1_2_BlueRust,0,10800,0,0,100,lootdispatch,0,0
Hatchback_02_Door_1_2_RedRust,0,10800,0,0,100,lootdispatch,0,0
Hatchback_02_Door_2_1,0,10800,0,0,100,lootdispatch,0,0
Hatchback_02_Door_2_1_Black,0,10800,0,0,100,lootdispatch,0,0
Hatchback_02_Door_2_1_BlackRust,0,10800,0,0,100,lootdispatch,0,0
Hatchback_02_Door_2_1_Blue,0,10800,0,0,100,lootdispatch,0,0
Hatchback_02_Door_2_1_BlueRust,0,10800,0,0,100,lootdispatch,0,0
Hatchback_02_Door_2_1_RedRust,0,10800,0,0,100,lootdispatch,0,0
Hatchback_02_Door_2_2,0,10800,0,0,100,lootdispatch,0,0
Hatchback_02_Door_2_2_Black,0,10800,0,0,100,lootdispatch,0,0
Hatchback_02_Door_2_2_BlackRust,0,10800,0,0,100,lootdispatch,0,0
Hatchback_02_Door_2_2_Blue,0,10800,0,0,100,lootdispatch,0,0
Hatchback_02_Door_2_2_BlueRust,0,10800,0,0,100,lootdispatch,0,0
Hatchback_02_Door_2_2_RedRust,0,10800,0,0,100,lootdispatch,0,0
Hatchback_02_Hood,0,10800,0,0,100,lootdispatch,0,0
Hatchback_02_Hood_Black,0,10800,0,0,100,lootdispatch,0,0
Hatchback_02_Hood_BlackRust,0,10800,0,0,100,lootdispatch,0,0
Hatchback_02_Hood_Blue,0,10800,0,0,100,lootdispatch,0,0
Hatchback_02_Hood_BlueRust,0,10800,0,0,100,lootdispatch,0,0
Hatchback_02_Hood_RedRust,0,10800,0,0,100,lootdispatch,0,0
Hatchback_02_Trunk,0,10800,0,0,100,lootdispatch,0,0
Hatchback_02_Trunk_Black,0,10800,0,0,100,lootdispatch,0,0
Hatchback_02_Trunk_BlackRust,0,10800,0,0,100,lootdispatch,0,0
Hatchback_02_Trunk_Blue,0,10800,0,0,100,lootdispatch,0,0
Hatchback_02_Trunk_BlueRust,0,10800,0,0,100,lootdispatch,0,0
Hatchback_02_Trunk_RedRust,0,10800,0,0,100,lootdispatch,0,0
Hatchback_02_Wheel,0,10800,0,0,100,lootdispatch,0,0
Hatchback_02_Wheel_Ruined,0,1800,0,0,100,lootdispatch,1,0
Hatchet,90,7200,0,70,100,tools,0,0
HeadlightH7,0,1800,0,0,100,tools,1,0
HeadlightH7_Box,30,2700,0,20,100,tools,0,0
Headtorch_Black,30,14400,0,20,100,tools,0,0
Headtorch_Grey,30,14400,0,20,100,tools,0,0
Heatpack,50,7200,900,30,100,tools,0,0
HescoBox,40,3888000,0,20,100,tools,0,0
HighCapacityVest_Black,5,5600,1800,3,100,clothes,0,0
HighCapacityVest_Olive,12,5600,1800,8,100,clothes,0,0
HikingBootsLow_Beige,30,5600,0,20,100,clothes,0,0
HikingBootsLow_Black,30,5600,0,20,100,clothes,0,0
HikingBootsLow_Blue,30,5600,0,20,100,clothes,0,0
HikingBootsLow_Grey,30,5600,0,20,100,clothes,0,0
HikingBoots_Black,15,5600,0,10,100,clothes,0,0
HikingBoots_Brown,15,5600,0,10,100,clothes,0,0
HikingJacket_Black,30,5600,0,20,100,clothes,0,0
HikingJacket_Blue,30,5600,0,20,100,clothes,0,0
HikingJacket_Green,30,5600,0,20,100,clothes,0,0
HikingJacket_Red,30,5600,0,20,100,clothes,0,0
HockeyHelmet_Black,15,5600,0,10,100,clothes,0,0
HockeyHelmet_Blue,15,5600,0,10,100,clothes,0,0
HockeyHelmet_Red,15,5600,0,10,100,clothes,0,0
HockeyHelmet_White,15,5600,0,10,100,clothes,0,0
HockeyMask,30,14400,0,20,100,clothes,0,0
Honey,15,14400,0,12,100,food,0,0
Hoodie_Black,40,5600,0,30,100,clothes,0,0
Hoodie_Blue,40,5600,0,30,100,clothes,0,0
Hoodie_Brown,40,5600,0,30,100,clothes,0,0
Hoodie_Green,40,5600,0,30,100,clothes,0,0
Hoodie_Grey,40,5600,0,30,100,clothes,0,0
Hoodie_Red,40,5600,0,30,100,clothes,0,0
Hook,30,7200,0,20,100,tools,0,0
HumanSteakMeat,0,7200,0,0,100,food,1,0
HunterPants_Autumn,10,5600,0,5,100,clothes,0,0
HunterPants_Brown,10,5600,0,5,100,clothes,0,0
HunterPants_Spring,10,5600,0,5,100,clothes,0,0
HunterPants_Summer,10,5600,0,5,100,clothes,0,0
HunterPants_Winter,20,5600,0,15,100,clothes,0,1
HuntingBag,15,86400,0,10,100,containers,0,0
HuntingBag_Hannah,0,86400,0,0,100,containers,0,0
HuntingJacket_Autumn,10,5600,0,5,100,clothes,0,0
HuntingJacket_Brown,10,5600,0,5,100,clothes,0,0
HuntingJacket_Spring,10,5600,0,5,100,clothes,0,0
HuntingJacket_Summer,25,5600,0,15,100,clothes,0,0
HuntingJacket_Winter,20,5600,0,15,100,clothes,0,1
HuntingKnife,40,7200,0,30,100,tools,0,0
HuntingOptic,30,7200,1800,22,100,weapons,0,0
HuntingVest,25,14400,0,15,100,clothes,0,0
HuntingVest_Winter,25,7200,0,15,100,clothes,0,0
Iceaxe,25,14400,1200,22,100,weapons,0,0
ImprovisedBag,0,21600,0,0,100,clothes,1,0
ImprovisedExplosive,0,432000,0,0,100,explosives,1,0
ImprovisedFishingRod,0,7200,0,0,100,,1,0
ImprovisedSuppressor,0,7200,0,0,100,clothes,1,0
Izh18,40,7200,0,30,100,weapons,0,0
IodineTincture,50,28800,0,30,100,tools,0,0
Izh43Shotgun,35,7200,0,20,100,weapons,0,0
Jig,12,14400,0,8,100,tools,0,0
Jeans_Black,15,300,0,10,100,clothes,0,0
Jeans_Blue,15,300,0,10,100,clothes,0,0
Jeans_BlueDark,15,300,0,10,100,clothes,0,0
Jeans_Brown,15,300,0,10,100,clothes,0,0
Jeans_Green,15,300,0,10,100,clothes,0,0
Jeans_Grey,15,300,0,10,100,clothes,0,0
JoggingShoes_Black,25,300,0,15,100,clothes,0,0
JoggingShoes_Blue,25,300,0,15,100,clothes,0,0
JoggingShoes_Red,25,300,0,15,100,clothes,0,0
JoggingShoes_Violet,25,300,0,15,100,clothes,0,0
JoggingShoes_White,25,300,0,15,100,clothes,0,0
JumpsuitJacket_Blue,30,300,0,20,100,clothes,0,0
JumpsuitJacket_Gray,30,300,0,20,100,clothes,0,0
JumpsuitJacket_Green,30,300,0,20,100,clothes,0,0
JumpsuitJacket_Red,30,300,0,20,100,clothes,0,0
JumpsuitPants_Blue,30,300,0,20,100,clothes,0,0
JumpsuitPants_Green,30,300,0,20,100,clothes,0,0
JumpsuitPants_Grey,30,300,0,20,100,clothes,0,0
JumpsuitPants_Red,30,300,0,20,100,clothes,0,0
JungleBoots_Beige,10,5600,1800,5,100,clothes,0,0
JungleBoots_Black,10,5600,1800,5,100,clothes,0,1
JungleBoots_Brown,10,5600,1800,5,100,clothes,0,0
JungleBoots_Green,10,5600,1800,5,100,clothes,0,0
JungleBoots_Olive,10,5600,1800,5,100,clothes,0,0
KashtanOptic,15,7200,1800,10,100,weapons,0,1
KazuarOptic,4,7200,1800,2,100,weapons,0,0
KitchenKnife,90,7200,0,50,100,tools,0,0
KitchenTimer,10,14400,0,5,100,tools,0,0
KobraOptic,15,7200,1800,10,100,weapons,0,1
KukriKnife,20,14400,0,10,100,tools,0,0
LabCoat,20,5600,0,10,100,clothes,0,0
LactariusMushroom,0,900,0,0,100,clothes,1,0
LandMineTrap,1,7200,1200,0,100,tools,0,1
Land_WarheadStorage_Room1,0,1800,0,0,100,,0,0
Land_WarheadStorage_Room2,0,1800,0,0,100,,0,0
Land_WarheadStorage_Room3,0,1800,0,0,100,,0,0
Land_WarheadStorage_Room4,0,1800,0,0,100,,0,0
Land_Container_1Aoh_DE,0,0,0,0,100,,0,0
Land_Container_1Bo_DE,0,0,0,0,100,,0,0
Land_Container_1Mo_DE,0,0,0,0,100,,0,0
Land_Container_1Moh_DE,0,0,0,0,100,,0,0
Land_Train_Wagon_Box_DE,0,0,0,0,100,,0,0
Land_Train_Wagon_Box_Mil_DE,0,0,0,0,100,,0,0
Land_Wreck_Ikarus_DE,0,0,0,0,100,,0,0
Land_Wreck_Tractor_DE,0,0,0,0,100,,0,0
Land_Wreck_Trailer_Closed_DE,0,0,0,0,100,,0,0
Land_Wreck_V3S_DE,0,0,0,0,100,,0,0
Land_Wreck_hb01_aban1_blue_DE,0,0,0,0,100,,0,0
Land_Wreck_hb01_aban1_white_DE,0,0,0,0,100,,0,0
Land_Wreck_hb01_aban2_blue_DE,0,0,0,0,100,,0,0
Land_Wreck_hb01_aban2_green_DE,0,0,0,0,100,,0,0
Land_Wreck_hb02_aban1_blue_DE,0,0,0,0,100,,0,0
Land_Wreck_hb02_aban1_red_DE,0,0,0,0,100,,0,0
Land_Wreck_hb02_aban2_black_DE,0,0,0,0,100,,0,0
Land_Wreck_hb02_aban2_blue_DE,0,0,0,0,100,,0,0
Land_Wreck_hb02_aban2_red_DE,0,0,0,0,100,,0,0
Land_Wreck_offroad02_aban1_DE,0,0,0,0,100,,0,0
Land_Wreck_offroad02_aban2_DE,0,0,0,0,100,,0,0
Land_Wreck_sed01_aban1_black_DE,0,0,0,0,100,,0,0
Land_Wreck_sed01_aban1_police_DE,0,0,0,0,100,,0,0
Land_Wreck_sed01_aban1_white_DE,0,0,0,0,100,,0,0
Land_Wreck_sed01_aban1_wine_DE,0,0,0,0,100,,0,0
Land_Wreck_sed01_aban2_black_DE,0,0,0,0,100,,0,0
Land_Wreck_sed01_aban2_police_DE,0,0,0,0,100,,0,0
Land_Wreck_sed02_aban1_grey_DE,0,0,0,0,100,,0,0
Land_Wreck_sed02_aban1_red_DE,0,0,0,0,100,,0,0
Land_Wreck_sed02_aban1_yellow_DE,0,0,0,0,100,,0,0
Land_Wreck_sed02_aban2_grey_DE,0,0,0,0,100,,0,0
Land_Wreck_sed02_aban2_red_DE,0,0,0,0,100,,0,0
Land_Wreck_sed02_aban2_yellow_DE,0,0,0,0,100,,0,0
Land_wreck_truck01_aban1_blue_DE,0,0,0,0,100,,0,0
Land_wreck_truck01_aban1_firetruck_DE,0,0,0,0,100,,0,0
Land_wreck_truck01_aban1_green_DE,0,0,0,0,100,,0,0
Land_wreck_truck01_aban1_orange_DE,0,0,0,0,100,,0,0
Land_wreck_truck01_aban2_blue_DE,0,0,0,0,100,,0,0
Land_wreck_truck01_aban2_firetruck_DE,0,0,0,0,100,,0,0
Land_wreck_truck01_aban2_green_DE,0,0,0,0,100,,0,0
Land_Wreck_hb01_aban1_police,0,14400,0,0,100,,0,0
Land_Wreck_hb01_aban2_police,0,14400,0,0,100,,0,0
Land_Wreck_sed01_aban1_police,0,14400,0,0,100,,0,0
Land_Wreck_sed01_aban2_police,0,14400,0,0,100,,0,0
Land_Wreck_Volha_Police,0,5600,0,0,100,,0,0
Lard,0,3600,0,0,100,food,1,0
LargeGasCanister,30,7200,0,20,100,tools,0,0
LargeTent,20,3888000,0,15,100,tools,0,0
LeatherBelt_Beige,0,7200,0,0,100,clothes,1,0
LegsCover_Improvised,0,14400,0,0,100,clothes,1,0
LeatherBelt_Black,0,7200,0,0,100,clothes,1,0
LeatherBelt_Brown,0,7200,0,0,100,clothes,1,0
LeatherBelt_Natural,0,7200,0,0,100,clothes,1,0
LeatherGloves_Beige,0,7200,0,0,100,clothes,1,0
LeatherGloves_Black,0,7200,0,0,100,clothes,1,0
LeatherGloves_Brown,0,7200,0,0,100,clothes,1,0
LeatherGloves_Natural,0,7200,0,0,100,clothes,1,0
LeatherHat_Beige,0,7200,0,0,100,clothes,1,0
LeatherHat_Black,0,7200,0,0,100,clothes,1,0
LeatherHat_Brown,0,7200,0,0,100,clothes,1,0
LeatherHat_Natural,0,7200,0,0,100,clothes,1,0
LeatherJacket_Beige,0,7200,0,0,100,clothes,1,0
LeatherJacket_Black,0,7200,0,0,100,clothes,1,0
LeatherJacket_Brown,0,7200,0,0,100,clothes,1,0
LeatherJacket_Natural,0,7200,0,0,100,clothes,1,0
LeatherKnifeSheath,0,7200,0,0,100,tools,1,0
LeatherPants_Beige,0,7200,0,0,100,clothes,1,0
LeatherPants_Black,0,7200,0,0,100,clothes,1,0
LeatherPants_Brown,0,7200,0,0,100,clothes,1,0
LeatherPants_Natural,0,7200,0,0,100,clothes,1,0
LeatherSack_Beige,0,7200,0,0,100,tools,1,0
LeatherSack_Black,0,7200,0,0,100,tools,1,0
LeatherSack_Brown,0,7200,0,0,100,tools,1,0
LeatherSack_Natural,0,7200,0,0,100,tools,1,0
LeatherSewingKit,80,7200,0,60,100,tools,0,0
LeatherShirt_Natural,0,7200,0,0,100,tools,1,0
LeatherShoes_Beige,0,7200,0,0,100,tools,1,0
LeatherShoes_Black,0,7200,0,0,100,tools,1,0
LeatherShoes_Brown,0,7200,0,0,100,tools,1,0
LeatherShoes_Natural,0,7200,0,0,100,tools,1,0
LeatherStorageVest_Beige,0,7200,0,0,100,tools,1,0
LeatherStorageVest_Black,0,7200,0,0,100,tools,1,0
LeatherStorageVest_Brown,0,7200,0,0,100,tools,1,0
LeatherStorageVest_Natural,0,7200,0,0,100,tools,1,0
Lockpick,45,1800,0,35,100,tools,0,0
LongWoodenStick,0,1800,0,0,100,tools,1,0
Longhorn,8,28800,7200,5,100,weapons,0,0
LongTorch,0,14400,0,0,100,tools,1,0
LugWrench,40,7200,0,30,100,tools,0,0
Lunchmeat,25,14400,0,20,100,food,0,0
Lunchmeat_Opened,0,14400,0,0,100,food,1,0
Izh18Shotgun,35,14400,0,25,100,weapons,0,0
M14,2,14400,0,1,100,weapons,0,0
M18SmokeGrenade_Green,15,7200,0,10,100,explosives,0,0
M18SmokeGrenade_Purple,15,7200,0,10,100,explosives,0,0
M18SmokeGrenade_Red,15,7200,0,10,100,explosives,0,0
M18SmokeGrenade_White,15,7200,0,10,100,explosives,0,0
M18SmokeGrenade_Yellow,15,7200,0,10,100,explosives,0,0
M16A2,12,28800,14400,8,100,weapons,0,0
M4A1,3,14400,7200,2,100,weapons,0,0
M4A1_Black,0,7200,1800,0,100,weapons,1,0
M4A1_Green,0,7200,1800,0,100,weapons,1,0
M4_CQBBttstck,8,7200,0,4,100,weapons,0,0
M4_CarryHandleOptic,8,7200,1800,4,100,weapons,0,0
M4_MPBttstck,8,7200,0,4,100,weapons,0,0
M4_MPHndgrd,8,7200,0,4,100,weapons,0,0
M4_OEBttstck,8,7200,0,4,100,weapons,0,0
M4_PlasticHndgrd,8,7200,0,4,100,weapons,0,0
M4_RISHndgrd,8,7200,0,4,100,weapons,0,0
M4_RISHndgrd_Black,0,7200,0,0,100,weapons,1,0
M4_RISHndgrd_Green,0,7200,0,0,100,weapons,1,0
M4_Suppressor,5,7200,14400,3,100,weapons,0,0
M4_T3NRDSOptic,4,7200,1800,2,100,weapons,0,0
M65Jacket_Black,5,7200,600,3,100,clothes,0,0
M65Jacket_Khaki,20,7200,600,15,100,clothes,0,1
M65Jacket_Olive,10,7200,600,5,100,clothes,0,0
M65Jacket_Tan,10,7200,600,5,100,clothes,0,0
M67Grenade,15,7200,7200,9,100,explosives,0,0
M68Optic,15,7200,1800,10,100,weapons,0,1
M79,10,14400,0,6,100,weapons,0,0
M9A1_Bayonet,10,14400,0,5,100,weapons,0,0
Mace,2,14400,0,1,100,clothes,0,0
Mackerel,0,14400,0,0,100,food,1,0
MackerelFilletMeat,0,14400,0,0,100,food,1,0
MKII,20,7200,0,10,100,weapons,0,0
MP5K,20,10800,1800,15,100,weapons,0,0
MP5_Compensator,10,7200,0,5,100,weapons,0,0
MP5_PlasticHndgrd,20,1800,0,15,100,weapons,0,0
MP5_RailHndgrd,20,7200,0,15,100,weapons,0,0
MP5k_StockBttstck,10,7200,0,4,100,weapons,0,0
Machete,50,7200,0,40,100,tools,0,0
MacrolepiotaMushroom,0,900,0,0,100,food,1,0
Mag_1911_7Rnd,45,7200,0,35,100,weapons,0,0
Mag_AK74_45Rnd,10,28800,2700,6,100,weapons,0,0
Mag_AK101_30Rnd,12,10800,1800,8,100,weapons,0,0
Mag_AK74_30Rnd,30,10800,1800,22,100,weapons,0,0
Mag_AKM_30Rnd,10,10800,1800,6,100,weapons,0,0
Mag_AKM_Drum75Rnd,5,10800,1800,3,100,weapons,0,0
Mag_AKM_Palm30Rnd,10,10800,2700,6,100,weapons,0,0
Mag_Aug_30Rnd,12,28800,1800,8,100,weapons,0,0
Mag_CZ550_10Rnd,12,14400,0,8,100,weapons,0,0
Mag_CMAG_10Rnd,20,10800,2700,10,100,weapons,0,0
Mag_CMAG_20Rnd,10,10800,3600,5,100,weapons,0,0
Mag_CMAG_30Rnd,6,10800,3600,4,100,weapons,0,0
Mag_CMAG_40Rnd,6,10800,1800,4,100,weapons,0,0
Mag_CZ527_5rnd,10,7200,0,5,100,weapons,0,0
Mag_CZ61_20Rnd,35,10800,1800,30,100,weapons,0,0
Mag_CZ75_15Rnd,30,10800,1800,20,100,weapons,0,0
Mag_Deagle_9rnd,35,28800,0,25,100,weapons,0,0
Mag_FAL_20Rnd,6,7200,1800,4,100,weapons,0,0
Mag_FAMAS_25Rnd,12,28800,1800,8,100,weapons,0,0
Mag_FNX45_15Rnd,20,10800,1800,15,100,weapons,0,0
Mag_Glock_15Rnd,25,7200,600,20,100,weapons,0,0
Mag_IJ70_8Rnd,50,10800,0,35,100,weapons,0,0
Mag_M14_10Rnd,8,14400,0,5,100,weapons,0,0
Mag_M14_20Rnd,6,14400,0,3,100,weapons,0,0
Mag_MKII_10Rnd,30,7200,0,20,100,weapons,0,0
Mag_MP5_15Rnd,30,28800,0,20,100,weapons,0,0
Mag_MP5_30Rnd,20,10800,1800,15,100,weapons,0,0
Mag_P1_8Rnd,30,14400,0,20,100,weapons,0,0
Mag_PP19_64Rnd,20,28800,3600,15,100,weapons,0,0
Mag_Ruger1022_15Rnd,30,10800,0,20,100,weapons,0,0
Mag_Ruger1022_30Rnd,30,10800,0,20,100,weapons,0,0
Mag_Scout_5Rnd,12,28800,0,8,100,weapons,0,0
Mag_SSG82_5rnd,12,14400,0,8,100,weapons,0,0
Mag_STANAG_60Rnd,3,28800,2700,2,100,weapons,0,0
Mag_STANAGCoupled_30Rnd,5,10800,2700,3,100,weapons,0,0
Mag_STANAG_30Rnd,10,10800,1800,6,100,weapons,0,0
Mag_SV98_10Rnd,10,14400,0,7,100,weapons,0,0
Mag_SVD_10Rnd,6,10800,1800,3,100,weapons,0,0
Mag_Saiga_5Rnd,25,7200,1800,15,100,weapons,0,0
Mag_Saiga_8Rnd,20,7200,1800,10,100,weapons,0,0
Mag_Saiga_Drum20Rnd,5,7200,1800,3,100,weapons,0,0
Mag_UMP_25Rnd,25,10800,1800,20,100,weapons,0,0
Mag_VAL_20Rnd,8,28800,3600,4,100,weapons,0,0
Mag_Vikhr_30Rnd,8,14400,0,5,100,weapons,0,0
Mag_VSS_10Rnd,8,10800,3600,5,100,weapons,0,0
Magnum,30,28800,0,20,100,weapons,0,0
MakarovIJ70,60,10800,0,45,100,weapons,0,0
ManSuit_Beige,16,2700,0,8,100,clothes,0,0
MeatTenderizer,50,14400,0,30,100,tools,0,0
ManSuit_Black,16,2700,0,8,100,clothes,0,0
ManSuit_Blue,16,2700,0,8,100,clothes,0,0
ManSuit_Brown,16,2700,0,8,100,clothes,0,0
ManSuit_DarkGrey,16,2700,0,8,100,clothes,0,0
ManSuit_Khaki,16,2700,0,8,100,clothes,0,0
ManSuit_LightGrey,16,2700,0,8,100,clothes,0,0
ManSuit_White,16,2700,0,8,100,clothes,0,0
Marmalade,3,10800,600,1,100,industrialfood,0,0
Matchbox,80,7200,0,70,100,tools,0,0
MedicalScrubsHat_Blue,2,5600,0,1,100,clothes,0,0
MedicalScrubsHat_Green,2,5600,0,1,100,clothes,0,0
MedicalScrubsHat_White,2,5600,0,1,100,clothes,0,0
MedicalScrubsPants_Blue,2,5600,0,1,100,clothes,0,0
MedicalScrubsPants_Green,2,5600,0,1,100,clothes,0,0
MedicalScrubsPants_White,2,5600,0,1,100,clothes,0,0
MedicalScrubsShirt_Blue,2,5600,0,1,100,clothes,0,0
MedicalScrubsShirt_Green,2,5600,0,1,100,clothes,0,0
MedicalScrubsShirt_White,2,5600,0,1,100,clothes,0,0
MediumGasCanister,40,7200,0,30,100,tools,0,0
MediumTent,30,3888000,0,20,100,tools,0,0
MediumTent_Green,20,3888000,43200,20,100,containers,0,0
MediumTent_Orange,20,3888000,43200,20,100,containers,0,0
MedievalBoots,2,14400,0,0,100,clothes,0,0
Megaphone,20,7200,0,10,100,tools,0,0
MetalPlate,50,7200,0,30,100,tools,0,0
MetalWire,60,7200,0,40,100,tools,0,0
Mich2001Helmet,4,7200,0,2,100,clothes,0,0
MilitaryBelt,30,7200,1800,20,100,clothes,0,0
MilitaryBeret_CDF,10,5600,0,4,100,clothes,0,0
MilitaryBeret_ChDKZ,10,5600,0,4,100,clothes,0,0
MilitaryBeret_NZ,20,5600,0,10,100,clothes,0,0
MilitaryBeret_Red,10,5600,0,4,100,clothes,0,0
MilitaryBeret_UN,20,5600,0,10,100,clothes,0,0
MilitaryBoots_Beige,8,7200,0,4,100,clothes,0,0
MilitaryBoots_Black,5,7200,0,3,100,clothes,0,0
MilitaryBoots_Bluerock,8,7200,0,4,100,clothes,0,0
MilitaryBoots_Brown,8,7200,0,4,100,clothes,0,0
MilitaryBoots_Redpunk,12,7200,0,6,100,clothes,0,0
MimeMask_Female,6,14400,0,4,100,clothes,0,0
MimeMask_Male,6,14400,0,4,100,clothes,0,0
MiniDress_BlueChecker,10,5600,0,4,100,clothes,0,0
MiniDress_BlueWithDots,10,5600,0,4,100,clothes,0,0
MiniDress_BrownChecker,10,5600,0,4,100,clothes,0,0
MiniDress_GreenChecker,10,5600,0,4,100,clothes,0,0
MiniDress_Pink,10,5600,0,4,100,clothes,0,0
MiniDress_PinkChecker,10,5600,0,4,100,clothes,0,0
MiniDress_RedChecker,10,5600,0,4,100,clothes,0,0
MiniDress_WhiteChecker,10,5600,0,4,100,clothes,0,0
Morphine,30,10800,0,15,100,tools,0,0
MorozkoHat,0,14400,0,0,100,clothes,0,0
Mosin9130,15,7200,0,10,100,weapons,0,0
Mosin9130_Black,0,7200,0,0,100,weapons,1,0
Mosin9130_Camo,0,7200,0,0,100,weapons,1,0
Mosin9130_Green,0,7200,0,0,100,weapons,1,0
Mosin_Bayonet,8,14400,0,6,100,weapons,0,0
Mosin_Compensator,12,5400,0,6,100,weapons,0,0
MotoHelmet_Black,15,5600,0,10,100,clothes,0,0
MotoHelmet_Blue,15,5600,0,10,100,clothes,0,0
MotoHelmet_Green,15,5600,0,10,100,clothes,0,0
MotoHelmet_Grey,15,5600,0,10,100,clothes,0,0
MotoHelmet_Lime,15,5600,0,10,100,clothes,0,0
MotoHelmet_Red,15,5600,0,10,100,clothes,0,0
MotoHelmet_White,15,5600,0,10,100,clothes,0,0
MotoHelmet_Yellow,15,14400,0,10,100,clothes,0,0
MountainBag_Blue,30,86400,0,25,100,containers,0,0
MountainBag_Green,10,86400,0,7,100,containers,0,0
MountainBag_Orange,10,86400,0,7,100,containers,0,0
MountainBag_Red,15,86400,0,7,100,containers,0,0
MouthRag,0,1800,0,0,100,tools,1,0
Mp133Shotgun,30,10800,0,20,100,weapons,0,0
NavyUniformJacket,20,14400,0,15,100,clothes,0,0
NavyUniformPants,20,14400,0,15,100,clothes,0,0
NBCBootsGray,6,14400,1200,4,100,clothes,0,0
NBCBootsWhite,8,14400,1200,5,100,clothes,0,0
NBCBootsYellow,15,14400,900,10,100,clothes,0,0
NBCGlovesYellow,15,14400,900,10,100,clothes,0,0
NBCHoodYellow,15,14400,900,10,100,clothes,0,0
NBCHoodWhite,8,14400,1200,5,100,clothes,0,0
NBCJacketYellow,15,14400,900,10,100,clothes,0,0
NBCJacketWhite,8,14400,1200,5,100,clothes,0,0
NBCPantsYellow,15,14400,900,10,100,clothes,0,0
NBCPantsWhite,8,14400,1200,5,100,clothes,0,0
NBCGlovesGray,6,7200,900,4,100,clothes,0,1
NBCHoodGray,6,7200,900,4,100,clothes,0,1
NBCJacketGray,6,7200,900,4,100,clothes,0,1
NBCPantsGray,6,7200,900,4,100,clothes,0,1
NVGHeadstrap,10,14400,3600,8,100,tools,0,0
NVGoggles,15,14400,3600,10,100,weapons,0,0
Nail,0,7200,0,0,100,tools,1,0
NailBox,120,7200,0,80,100,tools,0,0
NailedBaseballBat,0,7200,0,0,100,tools,1,0
Netting,40,7200,0,30,100,tools,0,0
NioshFaceMask,10,5600,0,5,100,clothes,0,0
NurseDress_Blue,2,5600,0,1,100,clothes,0,0
NurseDress_White,2,5600,0,1,100,clothes,0,0
NorseHelm,0,14400,0,0,100,clothes,0,0
NylonKnifeSheath,20,10800,0,10,100,tools,0,0
OKZKCap_Beige,8,14400,0,5,100,clothes,0,0
OKZKCap_Green,8,14400,0,5,100,clothes,0,0
OMNOGloves_Brown,10,7200,0,6,100,clothes,0,0
OMNOGloves_Gray,10,7200,0,6,100,clothes,0,0
OfficerHat,30,1800,0,20,100,clothes,0,0
Offroad_02,0,1800,0,0,100,,0,0
Offroad_02_Door_1_1,0,28800,0,0,100,lootdispatch,0,0
Offroad_02_Door_1_1_Rust,0,28800,0,0,100,lootdispatch,0,0
Offroad_02_Door_1_2,0,28800,0,0,100,lootdispatch,0,0
Offroad_02_Door_1_2_Rust,0,28800,0,0,100,lootdispatch,0,0
Offroad_02_Door_2_1,0,28800,0,0,100,lootdispatch,0,0
Offroad_02_Door_2_1_Rust,0,28800,0,0,100,lootdispatch,0,0
Offroad_02_Door_2_2,0,28800,0,0,100,lootdispatch,0,0
Offroad_02_Door_2_2_Rust,0,28800,0,0,100,lootdispatch,0,0
Offroad_02_Hood,0,28800,0,0,100,lootdispatch,0,0
Offroad_02_Trunk,0,28800,0,0,100,lootdispatch,0,0
Offroad_02_Trunk_Rust,0,28800,0,0,100,lootdispatch,0,0
Offroad_02_Wheel,0,28800,0,0,100,lootdispatch,0,0
OffroadHatchback,0,3,1800,0,100,,0,0
OffroadHatchback_Blue,0,3,1800,0,100,,0,0
OffroadHatchback_White,0,3,1800,0,100,,0,0
OMKJacket_Navy,15,14400,1800,10,100,clothes,0,0
OMKPants_Navy,15,14400,1800,10,100,clothes,0,0
OrientalMachete,3,14400,0,2,100,tools,0,0
OrienteeringCompass,30,7200,0,10,100,tools,0,0
OvenIndoor,0,14400,0,0,100,tools,1,0
P1,30,28800,0,20,100,weapons,0,0
PaddedGloves_Beige,5,14400,0,3,100,clothes,0,0
PaddedGloves_Brown,5,14400,0,3,100,clothes,0,0
PaddedGloves_Threat,5,14400,0,3,100,clothes,0,0
PaydayMask_Chains,0,14400,0,0,100,clothes,0,0
PaydayMask_Dallas,0,14400,0,0,100,clothes,0,0
PaydayMask_Hoxton,0,14400,0,0,100,clothes,0,0
PaydayMask_Wolf,0,14400,0,0,100,clothes,0,0
PetushokHat_Black,15,14400,0,10,100,clothes,0,0
PetushokHat_Green,15,14400,0,10,100,clothes,0,0
PetushokHat_Yellow,15,14400,0,10,100,clothes,0,0
PartyTent,5,3888000,43200,3,100,containers,0,0
PartyTent_Blue,5,3888000,43200,3,100,containers,0,0
PartyTent_Brown,5,3888000,43200,3,100,containers,0,0
PartyTent_Lunapark,5,3888000,43200,3,100,containers,0,0
PetrolLighter,40,5400,0,30,100,tools,0,0
PipeWrench,30,28800,0,20,100,tools,0,0
PistolOptic,15,28800,1800,10,100,weapons,0,0
Pitchfork,40,14400,0,30,100,tools,0,0
PP19,15,28800,3600,10,100,weapons,0,0
PP19_Bttstck,6,14400,3600,4,100,weapons,0,0
PSO11Optic,15,7200,1800,10,100,weapons,0,1
PSO1Optic,15,7200,1800,10,100,weapons,0,1
PUScopeOptic,10,7200,1800,8,100,weapons,0,0
PainkillerTablets,40,10800,0,20,100,tools,0,0
Pajka,25,14400,0,20,100,food,0,0
Pajka_Opened,0,14400,0,0,100,food,1,0
Paper,0,7200,0,0,100,,1,0
ParamedicJacket_Blue,6,5600,0,4,100,clothes,0,0
ParamedicJacket_Crimson,6,5600,0,4,100,clothes,0,0
ParamedicJacket_Green,6,5600,0,4,100,clothes,0,0
ParamedicPants_Blue,6,5600,0,4,100,clothes,0,0
ParamedicPants_Crimson,6,5600,0,4,100,clothes,0,0
ParamedicPants_Green,6,5600,0,4,100,clothes,0,0
Pate,25,14400,0,20,100,food,0,0
Pate_Opened,0,14400,0,0,100,food,1,0
PeachesCan,4,7200,600,2,100,industrialfood,0,0
PeachesCan_Opened,0,3600,0,0,100,food,1,0
Pear,80,900,0,40,100,food,1,0
Pen_Black,0,7200,0,0,100,tools,0,0
Pen_Blue,0,7200,0,0,100,tools,0,0
Pen_Green,0,7200,0,0,100,tools,0,0
Pen_Red,0,7200,0,0,100,tools,0,0
PepperSeeds,0,3600,0,0,100,tools,1,0
PepperSeedsPack,30,3600,0,20,100,food,0,0
PersonalRadio,30,7200,0,20,100,tools,0,0
Pickaxe,30,7200,0,20,100,tools,0,0
PigPelt,0,10800,0,0,100,tools,1,0
PigSteakMeat,0,7200,0,0,100,food,1,0
PileOfWoodenPlanks,0,7200,0,0,100,tools,0,0
PilotkaCap,10,5600,0,5,100,clothes,0,0
Pipe,40,7200,0,30,100,tools,0,0
PistolSuppressor,20,7200,0,15,100,weapons,0,0
PlantMaterial,0,3600,0,0,100,food,1,0
Plant_Pepper,0,21600,0,0,100,food,1,0
Plant_Potato,0,21600,0,0,100,food,1,0
Plant_Pumpkin,0,21600,0,0,100,food,1,0
Plant_Tomato,0,21600,0,0,100,food,1,0
Plant_Zucchini,0,21600,0,0,100,food,1,0
Plastic_Explosive,5,432000,0,2,100,explosives,0,0
PlateCarrierHolster,8,7200,0,4,100,clothes,0,0
PlateCarrierHolster_Winter,0,14400,0,0,100,,0,0
PlateCarrierPouches_Winter,0,86400,0,0,100,containers,0,0
PlateCarrierHolster_Black,3,14400,0,2,100,clothes,0,0
PlateCarrierHolster_Camo,2,14400,0,1,100,clothes,0,0
PlateCarrierHolster_Green,6,14400,0,4,100,clothes,0,0
PlateCarrierPouches,8,7200,0,4,100,clothes,0,0
PlateCarrierPouches_Black,3,14400,0,2,100,clothes,0,0
PlateCarrierPouches_Camo,2,14400,0,1,100,clothes,0,0
PlateCarrierPouches_Green,6,14400,0,4,100,clothes,0,0
PlateCarrierVest,10,2700,0,8,100,clothes,0,0
PlateCarrierVest_Winter,3,14400,0,2,100,clothes,0,0
PlateCarrierVest_Black,15,14400,0,10,100,clothes,0,1
PlateCarrierVest_Camo,2,14400,0,1,100,clothes,0,0
PlateCarrierVest_Green,12,14400,0,6,100,clothes,0,0
PleurotusMushroom,0,900,0,0,100,clothes,1,0
Pliers,80,7200,0,60,100,tools,0,0
Plum,0,900,0,0,100,food,1,0
PoliceCap,15,14400,0,10,100,clothes,0,0
PoliceJacket,30,14400,0,20,100,clothes,0,0
PoliceJacketOrel,20,14400,0,15,100,clothes,0,0
PolicePants,30,14400,0,20,100,clothes,0,0
PolicePantsOrel,20,14400,0,15,100,clothes,0,0
PoliceVest,15,7200,0,10,100,clothes,0,0
PorkCan,40,14400,0,20,100,food,0,0
PorkCan_Opened,0,14400,0,0,100,food,1,0
PortableGasLamp,40,7200,0,30,100,tools,0,0
PortableGasStove,40,7200,0,30,100,tools,0,0
Pot,10,7200,1800,5,100,tools,0,0
Potato,40,3600,0,30,100,food,0,0
PotatoSeed,50,14400,0,40,100,food,0,0
PowderedMilk,8,10800,600,6,100,industrialfood,0,0
PowerGenerator,50,604800,0,40,100,tools,0,0
PressVest_Blue,20,5600,0,15,100,clothes,0,0
PressVest_LightBlue,20,5600,0,15,100,clothes,0,0
PrisonUniformJacket,8,5600,0,5,100,clothes,0,0
PrisonUniformPants,8,5600,0,5,100,clothes,0,0
PrisonerCap,8,5600,0,5,100,clothes,0,0
Pumpkin,0,3600,1800,0,100,food,1,0
PumpkinHelmet,0,3,0,0,100,clothes,0,0
PumpkinSeeds,60,3600,0,40,100,clothes,1,0
PumpkinSeedsPack,30,3600,0,20,100,food,0,0
PurificationTablets,80,10800,1800,50,100,tools,0,0
QuiltedJacket_Black,25,5600,0,15,100,clothes,0,0
QuiltedJacket_Blue,25,5600,0,15,100,clothes,0,0
QuiltedJacket_Green,25,5600,0,15,100,clothes,0,0
QuiltedJacket_Grey,25,5600,0,15,100,clothes,0,0
QuiltedJacket_Orange,25,5600,0,15,100,clothes,0,0
QuiltedJacket_Red,25,5600,0,15,100,clothes,0,0
QuiltedJacket_Violet,25,5600,0,15,100,clothes,0,0
QuiltedJacket_Yellow,25,5600,0,15,100,clothes,0,0
RopeBelt,0,14400,0,0,100,clothes,1,0
RDG2SmokeGrenade_Black,12,7200,0,6,100,explosives,0,0
RDG2SmokeGrenade_White,12,7200,0,6,100,explosives,0,0
RGD5Grenade,30,7200,6000,20,100,explosives,0,1
RabbitLegMeat,0,14400,0,0,100,food,1,0
RabbitPelt,0,14400,0,0,100,tools,1,0
RabbitSnareTrap,0,28800,0,0,100,tools,1,0
RadarCap_Black,30,1800,0,20,100,clothes,0,0
RadarCap_Blue,30,1800,0,20,100,clothes,0,0
RadarCap_Brown,30,1800,0,20,100,clothes,0,0
RadarCap_Green,30,1800,0,20,100,clothes,0,0
RadarCap_Red,30,1800,0,20,100,clothes,0,0
Rag,0,7200,0,0,100,clothes,1,0
Raincoat_Black,20,5600,0,10,100,clothes,0,0
Raincoat_Blue,20,5600,0,10,100,clothes,0,0
Raincoat_Green,20,5600,0,10,100,clothes,0,0
Raincoat_Orange,20,5600,0,10,100,clothes,0,0
Raincoat_Pink,20,5600,0,10,100,clothes,0,0
Raincoat_Red,20,5600,0,10,100,clothes,0,0
Raincoat_Yellow,20,5600,0,10,100,clothes,0,0
Rangefinder,50,7200,0,30,100,tools,0,0
RedCaviar,0,14400,0,0,100,,1,0
ReflexOptic,15,7200,1800,10,100,weapons,0,0
ReflexVest,0,7200,0,0,100,clothes,0,0
ReindeerPelt,0,14400,0,0,100,,1,0
ReindeerSteakMeat,0,14400,0,0,100,,1,0
RemoteDetonator,6,14400,0,3,100,tools,0,0
RemoteDetonatorReceiver,0,14400,0,0,100,tools,1,0
RemoteDetonatorTrigger,0,14400,0,0,100,tools,1,0
Repeater,20,7200,0,15,100,weapons,0,0
Rice,20,10800,600,10,100,food,0,0
RidersJacket_Black,40,5600,0,30,100,clothes,0,0
Roadflare,60,7200,0,50,100,tools,0,0
Rope,70,7200,0,50,100,tools,0,0
Ruger1022,20,10800,0,12,100,weapons,0,0
ScientificBriefcase,0,1800,0,0,100,,0,0
ScientificBriefcaseKeys,0,1800,0,0,100,tools,0,0
Shemag_Brown,4,14400,0,2,100,clothes,0,0
Shemag_Green,4,14400,0,2,100,clothes,0,0
Shemag_Red,4,14400,0,2,100,clothes,0,0
Shemag_White,4,14400,0,2,100,clothes,0,0
SherpaHat_Black,12,14400,0,8,100,clothes,0,0
SherpaHat_Blue,12,14400,0,8,100,clothes,0,0
SherpaHat_Red,12,14400,0,8,100,clothes,0,0
SkiGloves_90s,2,14400,0,1,100,clothes,0,0
SkiGloves_Blue,2,14400,0,1,100,clothes,0,0
SkiGloves_Red,2,14400,0,1,100,clothes,0,0
SkiGoggles_BlackYellow,12,14400,0,8,100,clothes,0,0
SkiGoggles_WhiteClear,12,14400,0,8,100,clothes,0,0
SkiGoggles_WhiteDark,12,14400,0,8,100,clothes,0,0
Slingbag_Black,16,14400,0,8,100,containers,0,0
Slingbag_Brown,16,14400,0,8,100,containers,0,0
Slingbag_Gray,16,14400,0,8,100,containers,0,0
SKS,35,10800,1800,25,100,weapons,0,0
SKS_Bayonet,10,14400,0,5,100,weapons,0,0
SVD,3,7200,1800,2,100,weapons,0,0
Saiga,20,7200,1800,15,100,weapons,0,0
Saiga_Bttstck,8,7200,0,4,100,weapons,0,0
SalineBag,45,7200,0,35,100,tools,0,0
SalineBagIV,0,7200,0,0,100,tools,1,0
SaltySticks,40,14400,0,30,100,food,0,0
SambucusBerry,0,1800,0,0,100,tools,1,0
SantasBeard,0,7200,0,0,100,clothes,0,0
SantasHat,0,7200,0,0,100,clothes,0,0
SantasSleigh,0,3,0,0,100,,0,0
Sardines,0,14400,0,0,100,food,1,0
SardinesCan,50,7200,600,40,100,food,0,0
SardinesCan_Opened,0,3600,0,0,100,food,1,0
SawedoffB95,0,14400,0,0,100,weapons,1,0
SawedoffIzh18Shotgun,0,14400,0,0,100,weapons,1,0
SawedoffMagnum,0,14400,0,0,100,weapons,1,0
SawedoffFAMAS,0,14400,0,0,100,weapons,1,0
SawedoffIzh18,0,7200,0,0,100,weapons,1,0
SawedoffIzh43Shotgun,0,7200,0,0,100,weapons,1,0
SawedoffMosin9130,0,7200,0,0,100,weapons,1,0
SawedoffMosin9130_Black,0,7200,0,0,100,weapons,1,0
SawedoffMosin9130_Camo,0,7200,0,0,100,weapons,1,0
SawedoffMosin9130_Green,0,7200,0,0,100,weapons,1,0
Screwdriver,50,7200,0,30,100,tools,0,0
Scout,20,28800,0,15,100,weapons,0,1
Scout_Chernarus,0,28800,0,0,100,weapons,0,0
Scout_Livonia,0,28800,0,0,100,weapons,0,0
SeaChest,20,3888000,0,10,100,tools,0,0
Sedan_02,0,3,1800,0,100,,0,0
Sedan_02_Door_1_1,0,10800,0,0,100,lootdispatch,0,0
Sedan_02_Door_1_1_Grey,0,10800,0,0,100,lootdispatch,0,0
Sedan_02_Door_1_1_GreyRust,0,10800,0,0,100,lootdispatch,0,0
Sedan_02_Door_1_1_Red,0,10800,0,0,100,lootdispatch,0,0
Sedan_02_Door_1_1_RedRust,0,10800,0,0,100,lootdispatch,0,0
Sedan_02_Door_1_1_YellowRust,0,10800,0,0,100,lootdispatch,0,0
Sedan_02_Door_1_2,0,10800,0,0,100,lootdispatch,0,0
Sedan_02_Door_1_2_Grey,0,10800,0,0,100,lootdispatch,0,0
Sedan_02_Door_1_2_GreyRust,0,10800,0,0,100,lootdispatch,0,0
Sedan_02_Door_1_2_Red,0,10800,0,0,100,lootdispatch,0,0
Sedan_02_Door_1_2_RedRust,0,10800,0,0,100,lootdispatch,0,0
Sedan_02_Door_1_2_YellowRust,0,10800,0,0,100,lootdispatch,0,0
Sedan_02_Door_2_1,0,10800,0,0,100,lootdispatch,0,0
Sedan_02_Door_2_1_Grey,0,10800,0,0,100,lootdispatch,0,0
Sedan_02_Door_2_1_GreyRust,0,10800,0,0,100,lootdispatch,0,0
Sedan_02_Door_2_1_Red,0,10800,0,0,100,lootdispatch,0,0
Sedan_02_Door_2_1_RedRust,0,10800,0,0,100,lootdispatch,0,0
Sedan_02_Door_2_1_YellowRust,0,10800,0,0,100,lootdispatch,0,0
Sedan_02_Door_2_2,0,10800,0,0,100,lootdispatch,0,0
Sedan_02_Door_2_2_Grey,0,10800,0,0,100,lootdispatch,0,0
Sedan_02_Door_2_2_GreyRust,0,10800,0,0,100,lootdispatch,0,0
Sedan_02_Door_2_2_Red,0,10800,0,0,100,lootdispatch,0,0
Sedan_02_Door_2_2_RedRust,0,10800,0,0,100,lootdispatch,0,0
Sedan_02_Door_2_2_YellowRust,0,10800,0,0,100,lootdispatch,0,0
Sedan_02_Grey,0,3,1800,0,100,,0,0
Sedan_02_Hood,0,10800,0,0,100,lootdispatch,0,0
Sedan_02_Hood_Grey,0,10800,0,0,100,lootdispatch,0,0
Sedan_02_Hood_GreyRust,0,10800,0,0,100,lootdispatch,0,0
Sedan_02_Hood_Red,0,10800,0,0,100,lootdispatch,0,0
Sedan_02_Hood_RedRust,0,10800,0,0,100,lootdispatch,0,0
Sedan_02_Hood_YellowRust,0,10800,0,0,100,lootdispatch,0,0
Sedan_02_Red,0,3,1800,0,100,,0,0
Sedan_02_Trunk,0,10800,0,0,100,lootdispatch,0,0
Sedan_02_Trunk_Grey,0,10800,0,0,100,lootdispatch,0,0
Sedan_02_Trunk_GreyRust,0,10800,0,0,100,lootdispatch,0,0
Sedan_02_Trunk_Red,0,10800,0,0,100,lootdispatch,0,0
Sedan_02_Trunk_RedRust,0,10800,0,0,100,lootdispatch,0,0
Sedan_02_Trunk_YellowRust,4,10800,0,2,100,lootdispatch,0,0
Sedan_02_Wheel,0,10800,0,0,100,lootdispatch,0,0
Sedan_02_Wheel_Ruined,0,1800,0,0,100,lootdispatch,1,0
SewingKit,80,7200,0,70,100,tools,0,0
SharpWoodenStick,0,14400,0,0,100,tools,1,0
SheepPelt,0,10800,0,0,100,tools,1,0
SheepSteakMeat,0,7200,0,0,100,food,1,0
ShelterFabric,0,604800,0,0,100,containers,1,0
ShelterKit,0,14400,0,0,100,tools,1,0
ShelterLeather,0,604800,0,0,100,containers,1,0
ShelterSite,0,14400,0,0,100,tools,1,0
ShelterStick,0,604800,0,0,100,containers,1,0
Shirt_BlueCheck,30,5600,0,20,100,clothes,0,0
Shirt_BlueCheckBright,30,5600,0,20,100,clothes,0,0
Shirt_GreenCheck,30,5600,0,20,100,clothes,0,0
Shirt_PlaneBlack,30,5600,0,20,100,clothes,0,0
Shirt_RedCheck,30,5600,0,20,100,clothes,0,0
Shirt_WhiteCheck,30,5600,0,20,100,clothes,0,0
ShortJeans_Black,20,3600,0,10,100,clothes,0,0
ShortJeans_Blue,20,3600,0,10,100,clothes,0,0
ShortJeans_Brown,20,3600,0,10,100,clothes,0,0
ShortJeans_Darkblue,20,3600,0,10,100,clothes,0,0
ShortJeans_Green,20,3600,0,10,100,clothes,0,0
ShortJeans_Red,20,3600,0,10,100,clothes,0,0
Shovel,60,7200,0,50,100,tools,0,0
Sickle,50,14400,0,35,100,tools,0,0
SnowstormUshanka_Brown,4,14400,0,2,100,clothes,0,0
SnowstormUshanka_Navy,15,14400,0,10,100,clothes,0,0
SnowstormUshanka_Olive,6,14400,0,4,100,clothes,0,0
SnowstormUshanka_White,2,14400,0,1,100,clothes,0,0
SpearBone,0,14400,0,0,100,tools,1,0
SpearStone,0,14400,0,0,100,tools,1,0
SkateHelmet_Black,15,5600,0,10,100,clothes,0,0
SkateHelmet_Blue,15,5600,0,10,100,clothes,0,0
SkateHelmet_Gray,15,5600,0,10,100,clothes,0,0
SkateHelmet_Green,15,5600,0,10,100,clothes,0,0
SkateHelmet_Red,15,5600,0,10,100,clothes,0,0
Skirt_Blue,10,5600,0,4,100,clothes,0,0
Skirt_Red,10,5600,0,4,100,clothes,0,0
Skirt_White,10,5600,0,4,100,clothes,0,0
Skirt_Yellow,10,5600,0,4,100,clothes,0,0
SlacksPants_Beige,20,5600,0,15,100,clothes,0,0
SlacksPants_Black,20,5600,0,15,100,clothes,0,0
SlacksPants_Blue,20,5600,0,15,100,clothes,0,0
SlacksPants_Brown,20,5600,0,15,100,clothes,0,0
SlacksPants_DarkGrey,20,5600,0,15,100,clothes,0,0
SlacksPants_Khaki,20,5600,0,15,100,clothes,0,0
SlacksPants_LightGrey,20,5600,0,15,100,clothes,0,0
SlacksPants_White,20,5600,0,15,100,clothes,0,0
SledgeHammer,30,7200,0,20,100,tools,0,0
SlicedPumpkin,0,3600,0,0,100,tools,1,0
SmallGasCanister,50,7200,0,40,100,tools,0,0
SmallGuts,0,3600,0,0,100,food,1,0
SmallFishTrap,0,28800,0,0,100,tools,1,0
SmallProtectorCase,20,3888000,0,15,100,containers,0,1
SmallStone,30,7200,0,20,100,,0,0
SmershBag,10,86400,0,6,100,containers,0,0
SmershVest,15,7200,0,10,100,clothes,0,1
Sneakers_Black,30,5600,0,20,100,clothes,0,0
Sneakers_Gray,30,5600,0,20,100,clothes,0,0
Sneakers_Green,30,5600,0,20,100,clothes,0,0
Sneakers_Red,30,5600,0,20,100,clothes,0,0
Sneakers_White,30,5600,0,20,100,clothes,0,0
SodaCan_Cola,30,7200,600,25,100,industrialfood,0,0
SodaCan_Fronta,30,7200,600,25,100,industrialfood,0,0
SodaCan_Kvass,30,7200,600,25,100,industrialfood,0,0
SodaCan_Pipsi,30,7200,600,25,100,industrialfood,0,0
SodaCan_Spite,30,7200,600,25,100,industrialfood,0,0
SpaghettiCan,10,7200,600,8,100,industrialfood,0,0
SpaghettiCan_Opened,0,3600,0,0,100,food,1,0
SparkPlug,100,2700,0,70,100,tools,0,0
Splint,0,14400,0,0,100,clothes,1,0
Splint_Applied,0,3,0,0,100,clothes,1,0
SportGlasses_Black,20,2700,0,10,100,clothes,0,0
SportGlasses_Blue,20,2700,0,10,100,clothes,0,0
SportGlasses_Green,20,2700,0,10,100,clothes,0,0
SportGlasses_Orange,20,2700,0,10,100,clothes,0,0
Spotlight,30,604800,0,20,100,tools,0,0
SSG82,20,14400,0,10,100,weapons,0,0
Ssh68Helmet,10,5600,0,6,100,clothes,0,0
StarlightOptic,1,28800,7200,1,100,weapons,0,0
StartKitIV,50,7200,0,40,100,tools,0,0
StaticObj_FrozenScientist_DE,0,0,0,0,100,,0,0
StaticObj_Decal_damage_long2_DE,0,0,0,0,100,,0,0
StaticObj_Decal_damage_long3_DE,0,0,0,0,100,,0,0
StaticObj_Misc_SupplyBox1_DE,0,3,0,0,100,,0,0
StaticObj_Misc_SupplyBox2_DE,0,3,0,0,100,,0,0
StaticObj_Misc_SupplyBox3_DE,0,3,0,0,100,,0,0
StaticObj_Roadblock_Wood_Long_DE,0,0,0,0,100,,0,0
StaticObj_Roadblock_Wood_Small_DE,0,0,0,0,100,,0,0
StaticObj_Train_Wagon_Flat_Industrial_Barrels_DE,0,0,0,0,100,,0,0
StaticObj_Train_Wagon_Flat_Industrial_Planks_DE,0,0,0,0,100,,0,0
StaticObj_Wreck_BMP1_DE,0,0,0,0,100,,0,0
StaticObj_Wreck_BMP1_NoPlacement_DE,0,0,0,0,100,,0,0
StaticObj_Wreck_BMP2_DE,0,0,0,0,100,,0,0
StaticObj_Wreck_BRDM_DE,0,0,0,0,100,,0,0
StaticObj_Wreck_Decal_Big_DE,0,0,0,0,100,,0,0
StaticObj_Wreck_Decal_Small1_DE,0,0,0,0,100,,0,0
StaticObj_Wreck_Decal_Small2_DE,0,0,0,0,100,,0,0
StaticObj_Wreck_T72_Chassis_DE,0,0,0,0,100,,0,0
StaticObj_Wreck_T72_Turret_DE,0,0,0,0,100,,0,0
StaticObj_Wreck_Trailer_Flat_DE,0,0,0,0,100,,0,0
StaticObj_Wreck_Train_742_Blue_DE,0,0,0,0,100,,0,0
StaticObj_Wreck_Train_742_Blue_Mil_DE,0,0,0,0,100,,0,0
StaticObj_Wreck_Train_742_Red_DE,0,0,0,0,100,,0,0
StaticObj_Wreck_Train_742_Red_Mil_DE,0,0,0,0,100,,0,0
StaticObj_Wreck_Train_Wagon_Flat_DE,0,0,0,0,100,,0,0
StaticObj_Wreck_Train_Wagon_Flat_Mil_DE,0,0,0,0,100,,0,0
StaticObj_Wreck_Train_Wagon_Tanker_DE,0,0,0,0,100,,0,0
StaticObj_Wreck_Train_Wagon_Tanker_Mil_DE,0,0,0,0,100,,0,0
StaticObj_Wreck_Uaz_DE,0,0,0,0,100,,0,0
StaticObj_Wreck_Ural_DE,0,0,0,0,100,,0,0
SteelheadTrout,0,14400,0,0,100,,1,0
SteelheadTroutFilletMeat,0,14400,0,0,100,,1,0
SteakKnife,90,7200,0,60,100,tools,0,0
Stone,20,7200,0,10,100,tools,0,0
StoneKnife,0,5600,0,0,100,tools,1,0
StunBaton,0,7200,0,0,100,tools,0,0
SurgicalGloves_Blue,8,7200,0,4,100,clothes,0,0
SurgicalGloves_Green,8,7200,0,4,100,clothes,0,0
SurgicalGloves_LightBlue,8,7200,0,4,100,clothes,0,0
SurgicalGloves_White,8,7200,0,4,100,clothes,0,0
SurgicalMask,15,7200,0,10,100,clothes,0,0
SV98,8,7200,0,5,100,weapons,0,0
Sweater_Blue,20,5600,0,15,100,clothes,0,0
Sweater_Gray,20,5600,0,15,100,clothes,0,0
Sweater_Green,20,5600,0,15,100,clothes,0,0
Sweater_Red,20,5600,0,15,100,clothes,0,0
Sword,2,14400,0,1,100,clothes,0,0
TLRLight,20,7200,60,10,100,weapons,0,0
TorsoCover_Improvised,0,14400,0,0,100,clothes,1,0
Tshirt_10thAnniversary,0,14400,0,0,100,clothes,0,0
TShirt_Beige,20,5600,0,10,100,clothes,0,0
TShirt_Black,20,5600,0,10,100,clothes,0,0
TShirt_Blue,20,5600,0,10,100,clothes,0,0
TShirt_Green,20,5600,0,10,100,clothes,0,0
TShirt_Grey,20,5600,0,10,100,clothes,0,0
TShirt_OrangeWhiteStripes,20,5600,0,10,100,clothes,0,0
TShirt_Red,20,5600,0,10,100,clothes,0,0
TShirt_RedBlackStripes,20,5600,0,10,100,clothes,0,0
TShirt_White,20,5600,0,10,100,clothes,0,0
TTSKOBoots,20,7200,0,15,100,clothes,0,0
TTSKOPants,20,5600,0,15,100,clothes,0,0
TTsKOJacket_Camo,20,5600,0,15,100,clothes,0,0
TacticalBaconCan,25,10800,0,20,100,food,0,1
TacticalBaconCan_Opened,0,3600,0,0,100,food,1,0
TacticalGloves_Beige,20,7200,0,15,100,clothes,0,0
TacticalGloves_Black,8,7200,0,6,100,clothes,0,0
TacticalGloves_Green,15,7200,0,10,100,clothes,0,0
TacticalGoggles,20,7200,0,15,100,clothes,0,0
TacticalShirt_Black,8,5600,1800,6,100,clothes,0,0
TacticalShirt_Grey,15,5600,1800,10,100,clothes,0,0
TacticalShirt_Olive,12,5600,1800,8,100,clothes,0,0
TacticalShirt_Tan,25,5600,1800,15,100,clothes,0,1
TaloonBag_Blue,15,14400,0,10,100,containers,0,0
TaloonBag_Green,15,14400,0,10,100,containers,0,0
TaloonBag_Orange,15,14400,0,10,100,containers,0,0
TaloonBag_Violet,15,14400,0,10,100,containers,0,0
TankerHelmet,4,1800,0,2,100,clothes,0,0
TannedLeather,0,14400,0,0,100,clothes,1,0
TelnyashkaShirt,10,5600,0,4,100,clothes,0,0
TerritoryFlag,0,604800,0,0,100,tools,1,0
TerritoryFlagKit,0,14400,0,0,100,tools,1,0
TetracyclineAntibiotics,50,2700,0,40,100,tools,0,0
Thermometer,40,7200,0,20,100,tools,0,0
ThickFramesGlasses,4,5600,0,2,100,clothes,0,0
ThinFramesGlasses,4,5600,0,2,100,clothes,0,0
TireRepairKit,35,7200,0,25,100,tools,0,0
Tomato,40,3600,0,20,100,food,0,0
TomatoSeeds,0,3600,0,0,100,food,1,0
TomatoSeedsPack,30,3600,0,20,100,food,0,0
Torch,0,1800,0,0,100,tools,1,0
TortillaBag,6,86400,1800,3,100,containers,0,0
TortillaBag_Winter,4,86400,0,2,100,containers,0,0
TrackSuitJacket_Black,35,5600,0,25,100,clothes,0,0
TrackSuitJacket_Blue,35,5600,0,25,100,clothes,0,0
TrackSuitJacket_Green,35,5600,0,25,100,clothes,0,0
TrackSuitJacket_LightBlue,35,5600,0,25,100,clothes,0,0
TrackSuitJacket_Red,35,5600,0,25,100,clothes,0,0
TrackSuitPants_Black,30,5600,0,20,100,clothes,0,0
TrackSuitPants_Blue,30,5600,0,20,100,clothes,0,0
TrackSuitPants_Green,30,5600,0,20,100,clothes,0,0
TrackSuitPants_LightBlue,30,5600,0,20,100,clothes,0,0
TrackSuitPants_Red,30,5600,0,20,100,clothes,0,0
Tripod,50,7200,0,40,100,tools,0,0
TripwireTrap,0,604800,0,0,100,tools,1,0
TruckBattery,40,86400,360,30,100,tools,0,0
Truck_01_Door_1_1_BlueRust,0,28800,0,0,100,lootdispatch,0,0
Truck_01_Door_1_1_GreenRust,0,28800,0,0,100,lootdispatch,0,0
Truck_01_Door_1_1_OrangeRust,0,28800,0,0,100,lootdispatch,0,0
Truck_01_Door_2_1_BlueRust,0,28800,0,0,100,lootdispatch,0,0
Truck_01_Door_2_1_GreenRust,0,28800,0,0,100,lootdispatch,0,0
Truck_01_Door_2_1_OrangeRust,0,28800,0,0,100,lootdispatch,0,0
Truck_01_Hood_BlueRust,0,28800,0,0,100,lootdispatch,0,0
Truck_01_Hood_GreenRust,0,28800,0,0,100,lootdispatch,0,0
Truck_01_Hood_OrangeRust,0,28800,0,0,100,lootdispatch,0,0
Truck_01_Covered,0,3,1800,0,100,,0,0
Truck_01_Covered_Blue,0,3,0,0,100,,0,0
Truck_01_Covered_Orange,0,3,0,0,100,,0,0
Truck_01_Door_1_1,0,28800,0,0,100,lootdispatch,0,0
Truck_01_Door_1_1_Blue,0,28800,0,0,100,lootdispatch,0,0
Truck_01_Door_1_1_Orange,0,28800,0,0,100,lootdispatch,0,0
Truck_01_Door_2_1,0,28800,0,0,100,lootdispatch,0,0
Truck_01_Door_2_1_Blue,0,28800,0,0,100,lootdispatch,0,0
Truck_01_Door_2_1_Orange,0,28800,0,0,100,lootdispatch,0,0
Truck_01_Hood,0,28800,0,0,100,lootdispatch,0,0
Truck_01_Hood_Blue,0,28800,0,0,100,lootdispatch,0,0
Truck_01_Hood_Orange,0,28800,0,0,100,lootdispatch,0,0
Truck_01_Wheel,0,28800,0,0,100,lootdispatch,0,0
Truck_01_WheelDouble,0,28800,0,0,100,lootdispatch,0,0
Truck_01_WheelDouble_Ruined,0,7200,0,0,100,lootdispatch,1,0
Truck_01_Wheel_Ruined,0,7200,0,0,100,lootdispatch,1,0
TunaCan,30,7200,600,20,100,food,0,0
TunaCan_Opened,0,3600,0,0,100,food,1,0
UKAssVest_Black,6,5600,1800,4,100,clothes,0,0
UKAssVest_Camo,20,5600,1800,15,100,clothes,0,1
UKAssVest_Khaki,6,5600,1800,4,100,clothes,0,0
UKAssVest_Olive,6,5600,1800,4,100,clothes,0,0
UKAssVest_Winter,10,14400,0,7,100,clothes,0,0
UMP45,15,10800,7200,10,100,weapons,0,0
USMCJacket_Desert,15,5600,0,10,100,clothes,0,0
USMCJacket_Woodland,15,5600,600,10,100,clothes,0,0
USMCPants_Desert,15,5600,0,10,100,clothes,0,0
USMCPants_Woodland,15,5600,600,10,100,clothes,0,0
UndergroundStash,0,3888000,0,0,100,containers,1,0
UniversalLight,20,7200,60,10,100,weapons,0,0
UnknownFoodCan,50,14400,0,40,100,food,0,0
UnknownFoodCan_Opened,0,14400,0,0,100,food,1,0
Ushanka_Black,10,5600,0,5,100,clothes,0,0
Ushanka_Blue,10,5600,0,5,100,clothes,0,0
Ushanka_Green,10,5600,0,5,100,clothes,0,0
Vikhr,12,28800,0,8,100,weapons,0,0
VSS,5,10800,7200,3,100,weapons,0,0
VitaminBottle,60,2700,0,50,100,tools,0,0
WalleyePollock,0,14400,0,0,100,,1,0
WalleyePollockFilletMeat,0,14400,0,0,100,,1,0
Watchtower,0,3888000,0,0,100,tools,1,0
WatchtowerKit,0,7200,0,0,100,tools,1,0
WaterBottle,60,10800,0,40,100,food,0,0
WaterproofBag_Green,20,86400,0,15,100,containers,0,0
WaterproofBag_Orange,20,86400,0,15,100,containers,0,0
WaterproofBag_Yellow,20,86400,0,15,100,containers,0,0
WeaponCleaningKit,60,7200,0,50,100,tools,0,0
WeldingMask,30,5600,0,20,100,clothes,0,0
Wellies_Black,40,5600,0,20,100,clothes,0,0
Wellies_Brown,40,5600,0,20,100,clothes,0,0
Wellies_Green,40,5600,0,20,100,clothes,0,0
Wellies_Grey,40,5600,0,20,100,clothes,0,0
Whetstone,90,7200,0,70,100,tools,0,0
WildboarPelt,0,10800,0,0,100,tools,1,0
Winchester70,20,14400,7200,10,100,weapons,0,0
WitchHat,0,14400,0,0,100,,0,1
WitchHood_Black,0,14400,0,0,100,,0,1
WitchHood_Brown,0,14400,0,0,100,,0,1
WitchHood_Red,0,14400,0,0,100,,0,1
WitchHoodCoif_Black,0,1800,0,0,100,clothes,1,0
WitchHoodCoif_Brown,0,1800,0,0,100,clothes,1,0
WitchHoodCoif_Red,0,1800,0,0,100,clothes,1,0
WinterCoif_Black,5,14400,0,3,100,clothes,0,0
WoodenHook,0,7200,0,0,100,tools,1,0
WinterCoif_Blue,20,14400,0,10,100,clothes,0,0
WinterCoif_Green,20,14400,0,10,100,clothes,0,0
WinterCoif_Skull,20,14400,0,10,100,clothes,0,0
WolfPelt,0,10800,0,0,100,clothes,1,0
WolfSteakMeat,0,7200,0,0,100,food,1,0
WoolGlovesFingerless_ChristmasBlue,0,14400,0,0,100,clothes,0,0
WoolGlovesFingerless_ChristmasRed,0,14400,0,0,100,clothes,0,0
WoolGloves_ChristmasBlue,0,14400,0,0,100,clothes,0,0
WoolGloves_ChristmasRed,0,14400,0,0,100,clothes,0,0
WomanSuit_Beige,10,2700,0,4,100,clothes,0,0
WomanSuit_Black,10,2700,0,4,100,clothes,0,0
WomanSuit_Blue,10,2700,0,4,100,clothes,0,0
WomanSuit_Brown,10,2700,0,4,100,clothes,0,0
WomanSuit_DarkGrey,10,2700,0,4,100,clothes,0,0
WomanSuit_Khaki,10,2700,0,4,100,clothes,0,0
WomanSuit_LightGrey,10,2700,0,4,100,clothes,0,0
WomanSuit_White,10,2700,0,4,100,clothes,0,0
WoodAxe,70,7200,0,50,100,tools,0,0
WoodenCrate,0,3888000,0,0,100,tools,1,0
WoodenLog,0,14400,0,0,100,tools,1,0
WoodenPlank,0,1800,0,0,100,tools,1,0
WoodenStick,0,7200,0,0,100,tools,1,0
WoolGlovesFingerless_White,15,14400,0,10,100,clothes,0,0
WoolCoat_Beige,30,5600,0,20,100,clothes,0,0
WoolCoat_Black,30,5600,0,20,100,clothes,0,0
WoolCoat_BlackCheck,30,5600,0,20,100,clothes,0,0
WoolCoat_Blue,30,5600,0,20,100,clothes,0,0
WoolCoat_BlueCheck,30,5600,0,20,100,clothes,0,0
WoolCoat_BrownCheck,30,5600,0,20,100,clothes,0,0
WoolCoat_Green,30,5600,0,20,100,clothes,0,0
WoolCoat_GreyCheck,30,5600,0,20,100,clothes,0,0
WoolCoat_Red,30,5600,0,20,100,clothes,0,0
WoolCoat_RedCheck,30,5600,0,20,100,clothes,0,0
WoolGlovesFingerless_Black,30,14400,0,20,100,clothes,0,0
WoolGlovesFingerless_Green,30,14400,0,20,100,clothes,0,0
WoolGlovesFingerless_Tan,30,14400,0,20,100,clothes,0,0
WoolGloves_Black,8,14400,0,4,100,clothes,0,0
WoolGloves_Green,6,14400,0,3,100,clothes,0,0
WoolGloves_Tan,8,14400,0,4,100,clothes,0,0
WoolGloves_White,4,14400,0,2,100,clothes,0,0
WorkingBoots_Beige,40,5600,0,30,100,clothes,0,0
WorkingBoots_Brown,40,5600,0,30,100,clothes,0,0
WorkingBoots_Green,40,5600,0,30,100,clothes,0,0
WorkingBoots_Grey,40,5600,0,30,100,clothes,0,0
WorkingBoots_Yellow,40,5600,0,30,100,clothes,0,0
WorkingGloves_Beige,40,7200,0,30,100,clothes,0,0
WorkingGloves_Black,40,7200,0,30,100,clothes,0,0
WorkingGloves_Brown,40,7200,0,30,100,clothes,0,0
WorkingGloves_Yellow,40,7200,0,30,100,clothes,0,0
Wreck_SantasSleigh,0,3,0,0,100,,0,0
Wreck_Mi8,0,5600,0,0,100,,0,0
Wreck_Mi8_Crashed,0,3,0,0,100,,0,0
Wreck_UH1Y,0,5600,0,0,100,,0,0
Wrench,40,7200,0,30,100,tools,0,0
XmasLights,30,7200,0,10,100,tools,0,0
Zagorky,15,14400,0,12,100,food,0,0
ZagorkyChocolate,40,14400,0,30,100,food,0,0
ZagorkyPeanuts,50,14400,0,40,100,food,0,0
ZSh3PilotHelmet,4,5600,0,2,100,clothes,0,0
ZmbF_BlueCollarFat_Blue,0,1800,0,0,100,,0,0
ZmbF_BlueCollarFat_Green,0,1800,0,0,100,,0,0
ZmbF_BlueCollarFat_Red,0,1800,0,0,100,,0,0
ZmbF_BlueCollarFat_White,0,1800,0,0,100,,0,0
ZmbF_CitizenANormal_Beige,0,1800,0,0,100,,0,0
ZmbF_CitizenANormal_Blue,0,1800,0,0,100,,0,0
ZmbF_CitizenANormal_Brown,0,1800,0,0,100,,0,0
ZmbF_CitizenBSkinny,0,1800,0,0,100,,0,0
ZmbF_Clerk_Normal_Blue,0,1800,0,0,100,,0,0
ZmbF_Clerk_Normal_Green,0,1800,0,0,100,,0,0
ZmbF_Clerk_Normal_Red,0,1800,0,0,100,,0,0
ZmbF_Clerk_Normal_White,0,1800,0,0,100,,0,0
ZmbF_DoctorSkinny,0,1800,0,0,100,,0,0
ZmbF_HikerSkinny_Blue,0,1800,0,0,100,,0,0
ZmbF_HikerSkinny_Green,0,1800,0,0,100,,0,0
ZmbF_HikerSkinny_Grey,0,1800,0,0,100,,0,0
ZmbF_HikerSkinny_Red,0,1800,0,0,100,,0,0
ZmbF_JoggerSkinny_Blue,0,1800,0,0,100,,0,0
ZmbF_JoggerSkinny_Brown,0,1800,0,0,100,,0,0
ZmbF_JoggerSkinny_Green,0,1800,0,0,100,,0,0
ZmbF_JoggerSkinny_Red,0,1800,0,0,100,,0,0
ZmbF_JournalistNormal_Blue,0,1800,0,0,100,,0,0
ZmbF_JournalistNormal_Green,0,1800,0,0,100,,0,0
ZmbF_JournalistNormal_Red,0,1800,0,0,100,,0,0
ZmbF_JournalistNormal_White,0,1800,0,0,100,,0,0
ZmbF_MechanicNormal_Beige,0,1800,0,0,100,,0,0
ZmbF_MechanicNormal_Green,0,1800,0,0,100,,0,0
ZmbF_MechanicNormal_Grey,0,1800,0,0,100,,0,0
ZmbF_MechanicNormal_Orange,0,1800,0,0,100,,0,0
ZmbF_MilkMaidOld_Beige,0,1800,0,0,100,,0,0
ZmbF_MilkMaidOld_Black,0,1800,0,0,100,,0,0
ZmbF_MilkMaidOld_Green,0,1800,0,0,100,,0,0
ZmbF_MilkMaidOld_Grey,0,1800,0,0,100,,0,0
ZmbF_NurseFat_Winter,0,1800,0,0,100,,0,0
ZmbF_PatientOld_Winter,0,1800,0,0,100,,0,0
ZmbM_DoctorFat_Winter,0,1800,0,0,100,,0,0
ZmbM_Gamedev_Black,0,1800,0,0,100,,0,0
ZmbM_Gamedev_Blue,0,1800,0,0,100,,0,0
ZmbM_Gamedev_Gray,0,1800,0,0,100,,0,0
ZmbM_NBC_White,0,1800,0,0,100,,0,0
ZmbM_PatientSkinny_Winter,0,1800,0,0,100,,0,0
ZmbM_PatrolNormal_Winter,0,1800,0,0,100,,0,0
ZmbM_eastSoldier_Heavy_Navy,0,1800,0,0,100,,0,0
ZmbM_eastSoldier_normal_Navy,0,1800,0,0,100,,0,0
ZmbM_usSoldier_Officer_Convoy,0,1800,0,0,100,,0,0
Zmbm_Mummy,0,1800,0,0,100,,0,0
ZmbM_Santa,0,1800,0,0,100,,0,0
ZmbM_NBC_Grey,0,1800,0,0,100,,0,0
ZmbM_NBC_Yellow,0,1800,0,0,100,,0,0
ZmbF_NurseFat,0,1800,0,0,100,,0,0
ZmbF_ParamedicNormal_Blue,0,1800,0,0,100,,0,0
ZmbF_ParamedicNormal_Green,0,1800,0,0,100,,0,0
ZmbF_ParamedicNormal_Red,0,1800,0,0,100,,0,0
ZmbF_PatientOld,0,1800,0,0,100,,0,0
ZmbF_PoliceWomanNormal,0,1800,0,0,100,,0,0
ZmbM_PolicemanSpecForce_Heavy,0,1800,0,0,100,,0,0
ZmbF_ShortSkirt_beige,0,1800,0,0,100,,0,0
ZmbF_ShortSkirt_black,0,1800,0,0,100,,0,0
ZmbF_ShortSkirt_brown,0,1800,0,0,100,,0,0
ZmbF_ShortSkirt_checks,0,1800,0,0,100,,0,0
ZmbF_ShortSkirt_green,0,1800,0,0,100,,0,0
ZmbF_ShortSkirt_grey,0,1800,0,0,100,,0,0
ZmbF_ShortSkirt_red,0,1800,0,0,100,,0,0
ZmbF_ShortSkirt_stripes,0,1800,0,0,100,,0,0
ZmbF_ShortSkirt_white,0,1800,0,0,100,,0,0
ZmbF_ShortSkirt_yellow,0,1800,0,0,100,,0,0
ZmbF_SkaterYoung_Brown,0,1800,0,0,100,,0,0
ZmbF_SkaterYoung_Striped,0,1800,0,0,100,,0,0
ZmbF_SkaterYoung_Violet,0,1800,0,0,100,,0,0
ZmbF_SurvivorNormal_Blue,0,1800,0,0,100,,0,0
ZmbF_SurvivorNormal_Orange,0,1800,0,0,100,,0,0
ZmbF_SurvivorNormal_Red,0,1800,0,0,100,,0,0
ZmbF_SurvivorNormal_White,0,1800,0,0,100,,0,0
ZmbF_VillagerOld_Blue,0,1800,0,0,100,,0,0
ZmbF_VillagerOld_Green,0,1800,0,0,100,,0,0
ZmbF_VillagerOld_Red,0,1800,0,0,100,,0,0
ZmbF_VillagerOld_White,0,1800,0,0,100,,0,0
ZmbM_CitizenASkinny_Blue,0,1800,0,0,100,,0,0
ZmbM_CitizenASkinny_Brown,0,1800,0,0,100,,0,0
ZmbM_CitizenASkinny_Grey,0,1800,0,0,100,,0,0
ZmbM_CitizenASkinny_Red,0,1800,0,0,100,,0,0
ZmbM_CitizenBFat_Blue,0,1800,0,0,100,,0,0
ZmbM_CitizenBFat_Green,0,1800,0,0,100,,0,0
ZmbM_CitizenBFat_Red,0,1800,0,0,100,,0,0
ZmbM_ClerkFat_Brown,0,1800,0,0,100,,0,0
ZmbM_ClerkFat_Grey,0,1800,0,0,100,,0,0
ZmbM_ClerkFat_Khaki,0,1800,0,0,100,,0,0
ZmbM_ClerkFat_White,0,1800,0,0,100,,0,0
ZmbM_CommercialPilotOld_Blue,0,1800,0,0,100,,0,0
ZmbM_CommercialPilotOld_Brown,0,1800,0,0,100,,0,0
ZmbM_CommercialPilotOld_Grey,0,1800,0,0,100,,0,0
ZmbM_CommercialPilotOld_Olive,0,1800,0,0,100,,0,0
ZmbM_ConstrWorkerNormal_Beige,0,1800,0,0,100,,0,0
ZmbM_ConstrWorkerNormal_Black,0,1800,0,0,100,,0,0
ZmbM_ConstrWorkerNormal_Green,0,1800,0,0,100,,0,0
ZmbM_ConstrWorkerNormal_Grey,0,1800,0,0,100,,0,0
ZmbM_DoctorFat,0,1800,0,0,100,,0,0
ZmbM_FarmerFat_Beige,0,1800,0,0,100,,0,0
ZmbM_FarmerFat_Blue,0,1800,0,0,100,,0,0
ZmbM_FarmerFat_Brown,0,1800,0,0,100,,0,0
ZmbM_FarmerFat_Green,0,1800,0,0,100,,0,0
ZmbM_FirefighterNormal,0,1800,0,0,100,,0,0
ZmbM_FishermanOld_Blue,0,1800,0,0,100,,0,0
ZmbM_FishermanOld_Green,0,1800,0,0,100,,0,0
ZmbM_FishermanOld_Grey,0,1800,0,0,100,,0,0
ZmbM_FishermanOld_Red,0,1800,0,0,100,,0,0
ZmbM_HandymanNormal_Beige,0,1800,0,0,100,,0,0
ZmbM_HandymanNormal_Blue,0,1800,0,0,100,,0,0
ZmbM_HandymanNormal_Green,0,1800,0,0,100,,0,0
ZmbM_HandymanNormal_Grey,0,1800,0,0,100,,0,0
ZmbM_HandymanNormal_White,0,1800,0,0,100,,0,0
ZmbM_HeavyIndustryWorker,0,1800,0,0,100,,0,0
ZmbM_HermitSkinny_Beige,0,1800,0,0,100,,0,0
ZmbM_HermitSkinny_Black,0,1800,0,0,100,,0,0
ZmbM_HermitSkinny_Green,0,1800,0,0,100,,0,0
ZmbM_HermitSkinny_Red,0,1800,0,0,100,,0,0
ZmbM_HikerSkinny_Blue,0,1800,0,0,100,,0,0
ZmbM_HikerSkinny_Green,0,1800,0,0,100,,0,0
ZmbM_HikerSkinny_Yellow,0,1800,0,0,100,,0,0
ZmbM_HunterOld_Autumn,0,1800,0,0,100,,0,0
ZmbM_HunterOld_Spring,0,1800,0,0,100,,0,0
ZmbM_HunterOld_Summer,0,1800,0,0,100,,0,0
ZmbM_HunterOld_Winter,0,1800,0,0,100,,0,0
ZmbM_Jacket_beige,0,1800,0,0,100,,0,0
ZmbM_Jacket_black,0,1800,0,0,100,,0,0
ZmbM_Jacket_blue,0,1800,0,0,100,,0,0
ZmbM_Jacket_bluechecks,0,1800,0,0,100,,0,0
ZmbM_Jacket_brown,0,1800,0,0,100,,0,0
ZmbM_Jacket_greenchecks,0,1800,0,0,100,,0,0
ZmbM_Jacket_grey,0,1800,0,0,100,,0,0
ZmbM_Jacket_khaki,0,1800,0,0,100,,0,0
ZmbM_Jacket_magenta,0,1800,0,0,100,,0,0
ZmbM_Jacket_stripes,0,1800,0,0,100,,0,0
ZmbM_JoggerSkinny_Blue,0,1800,0,0,100,,0,0
ZmbM_JoggerSkinny_Green,0,1800,0,0,100,,0,0
ZmbM_JoggerSkinny_Red,0,1800,0,0,100,,0,0
ZmbM_JournalistSkinny,0,1800,0,0,100,,0,0
ZmbM_MechanicSkinny_Blue,0,1800,0,0,100,,0,0
ZmbM_MechanicSkinny_Green,0,1800,0,0,100,,0,0
ZmbM_MechanicSkinny_Grey,0,1800,0,0,100,,0,0
ZmbM_MechanicSkinny_Red,0,1800,0,0,100,,0,0
ZmbM_MotobikerFat_Beige,0,1800,0,0,100,,0,0
ZmbM_MotobikerFat_Black,0,1800,0,0,100,,0,0
ZmbM_MotobikerFat_Blue,0,1800,0,0,100,,0,0
ZmbM_OffshoreWorker_Green,0,1800,0,0,100,,0,0
ZmbM_OffshoreWorker_Orange,0,1800,0,0,100,,0,0
ZmbM_OffshoreWorker_Red,0,1800,0,0,100,,0,0
ZmbM_OffshoreWorker_Yellow,0,1800,0,0,100,,0,0
ZmbM_ParamedicNormal_Black,0,1800,0,0,100,,0,0
ZmbM_ParamedicNormal_Blue,0,1800,0,0,100,,0,0
ZmbM_ParamedicNormal_Green,0,1800,0,0,100,,0,0
ZmbM_ParamedicNormal_Red,0,1800,0,0,100,,0,0
ZmbM_PatientSkinny,0,1800,0,0,100,,0,0
ZmbM_PatrolNormal_Autumn,0,1800,0,0,100,,0,0
ZmbM_PatrolNormal_Flat,0,1800,0,0,100,,0,0
ZmbM_PatrolNormal_PautRev,0,1800,0,0,100,,0,0
ZmbM_PatrolNormal_Summer,0,1800,0,0,100,,0,0
ZmbM_PolicemanFat,0,1800,0,0,100,,0,0
ZmbM_PolicemanSpecForce,0,1800,0,0,100,,0,0
ZmbM_PrisonerSkinny,0,1800,0,0,100,,0,0
ZmbM_SkaterYoung_Blue,0,1800,0,0,100,,0,0
ZmbM_SkaterYoung_Brown,0,1800,0,0,100,,0,0
ZmbM_SkaterYoung_Green,0,1800,0,0,100,,0,0
ZmbM_SkaterYoung_Grey,0,1800,0,0,100,,0,0
ZmbM_SoldierNormal,0,1800,0,0,100,,0,0
ZmbM_VillagerOld_Blue,0,1800,0,0,100,,0,0
ZmbM_VillagerOld_Green,0,1800,0,0,100,,0,0
ZmbM_VillagerOld_White,0,1800,0,0,100,,0,0
ZmbM_priestPopSkinny,0,1800,0,0,100,,0,0
ZmbM_usSoldier_normal_Desert,0,1800,0,0,100,,0,0
ZmbM_usSoldier_Officer_Desert,0,1800,0,0,100,,0,0
ZmbM_usSoldier_Heavy_Woodland,0,1800,0,0,100,,0,0
ZmbM_usSoldier_normal_Woodland,0,1800,0,0,100,,0,0
ZmijovkaCap_Black,40,1800,0,20,100,clothes,0,0
ZmijovkaCap_Blue,40,1800,0,20,100,clothes,0,0
ZmijovkaCap_Brown,40,1800,0,20,100,clothes,0,0
ZmijovkaCap_Green,40,1800,0,20,100,clothes,0,0
ZmijovkaCap_Red,40,1800,0,20,100,clothes,0,0
Zucchini,50,3600,0,30,100,food,0,0
ZucchiniSeeds,0,3600,0,0,100,food,1,0
ZucchiniSeedsPack,30,3600,0,20,100,food,0,0
Land_jmc_van_pinkies,0,5600,0,0,100,industrialfood,0,0
Fwinkies,16,5600,0,8,100,food,0,1
Land_jmc_van_ambulance,0,5600,0,0,100,tools,0,0
Jmc_Keycard,1,5600,1200,1,100,KMUCKeycard,0,0
Jmc_Keycard2,1,7200,1800,1,100,weapons,0,0
Jmc_Mjolnir,0,28800,3600,0,100,weapons,1,0
jmc_mjolnir_head,1,14400,1200,1,999,weapons,0,0
jmc_mjolnir_handle,0,14400,3600,0,999,weapons,0,0
jmc_SnowOwl,0,28800,14400,0,100,weapons,0,0
jmc_plants_fern_a_leaf,0,600,14400,0,100,food,0,1
jmc_plants_fern_b_leaf,0,600,3600,0,100,food,0,1
jmc_plants_fern_c_leaf,0,600,14400,0,100,food,0,1
Land_jmc_plant_fern_a,0,14400,0,0,100,,0,0
Land_jmc_plant_fern_b,0,14400,0,0,100,,0,0
Land_jmc_plant_fern_c,0,14400,0,0,100,,0,0
jmc_plant_ab,0,7200,0,0,100,,1,0
jmc_plant_ac,0,7200,0,0,100,,1,0
jmc_plant_bc,0,7200,0,0,100,,1,0
jmc_plant_abc,0,7200,0,0,100,,1,0
jmc_BearPeltGhillieBrown_m,0,7200,0,0,100,,1,0
jmc_BearPeltGhillieWhite,0,7200,0,0,100,,1,0
jmc_SnowOwl_Optic,2,28800,28800,1,100,weapons,0,0
jmc_SnowOwl_Mag,2,28800,7200,1,100,weapons,0,0
jmc_SnowOwl_Ammo,25,28800,3600,15,100,weapons,0,0
jmc_Prototype_Mag,3,28800,7200,2,100,weapons,0,0
jmc_Prototype_Optic_Red,1,28800,7200,1,100,weapons,0,0
jmc_Prototype_Optic_White,1,28800,7200,1,100,weapons,0,0
jmc_Prototype_Optic_Blue,1,28800,7200,1,100,weapons,0,0
ttcelticaxe_Simple,1,28800,3600,0,100,weapons,0,0
ttak458,8,28800,0,6,100,weapons,0,0
ttak458_Gold,2,28800,0,1,100,weapons,0,0
ttak458poli,15,28800,0,10,100,weapons,0,1
ttar9,12,28800,0,8,100,weapons,0,0
ttbar,2,28800,0,1,100,weapons,0,0
ttgarand,8,28800,0,6,100,weapons,0,0
ttr700,4,28800,0,3,100,weapons,0,0
ttr700mag,8,28800,0,6,100,weapons,0,0
ttrpd,3,28800,0,2,100,weapons,0,0
ttrpdmag,3,28800,7200,2,100,weapons,0,0
ttscarl,15,28800,0,10,100,weapons,0,1
ttscarl_Tan,6,28800,0,5,100,weapons,0,0
ttsok94,8,28800,0,5,100,weapons,0,0
ttstg44,15,28800,7200,10,100,weapons,0,1
tt870,12,28800,7200,8,100,weapons,0,0
ttagram,12,28800,7200,8,100,weapons,0,0
ttp90,15,28800,0,10,100,weapons,0,0
ttp90_Tan,15,28800,0,10,100,weapons,0,1
ttp90mag,12,28800,7200,9,100,weapons,0,0
ots71,10,28800,7200,6,100,weapons,0,0
aek,8,28800,7200,6,100,weapons,0,0
avs36,9,28800,7200,6,100,weapons,0,0
higgins,20,28800,7200,15,100,weapons,0,0
junkak,15,28800,7200,10,100,weapons,0,0
kar98,15,28800,7200,10,100,weapons,0,0
marlin,15,28800,7200,10,100,weapons,0,0
JMC_BoxCerealCrunchin_Paulies,1,10800,0,1,100,industrialfood,0,0
JMC_Radio_CassetteTape_MusicTape2,1,28800,14400,1,100,weapons,0,0
JMC_Radio_CassetteTape_MusicTape3,5,28800,14400,3,100,weapons,0,0
JMC_CassettePlayer,10,28800,14400,5,100,tools,0,0
jmc_Prototype_White,0,28800,14400,0,100,weapons,0,0
jmc_Prototype_Blue,0,28800,14400,0,100,weapons,0,0
jmc_Prototype_Red,0,28800,14400,0,100,weapons,0,0
ESP_M14,6,28800,7200,4,100,weapons,0,0
ESP_M14_Black,10,28800,1800,5,100,weapons,0,1
ESP_M110,3,28800,14400,2,100,weapons,0,0
ESP_M110_Tan,15,28800,14400,10,100,weapons,0,1
ESP_M110_Green,5,28800,7200,3,100,weapons,0,0
ESP_G36C,20,28800,14400,15,100,weapons,0,0
SRP_GreatBattleAxe,1,28800,14400,0,100,weapons,0,0
SRP_GreatBattleAxe_Phantom,1,28800,14400,0,100,weapons,0,0
ttbaseballbat_Simple,10,28800,14400,5,100,weapons,0,0
jmc_Military_Mountain_Boots_Black,15,28800,3600,10,100,clothes,0,1
jmc_Military_Mountain_Boots_Bluerock,10,28800,3600,6,100,clothes,0,0
jmc_Military_Mountain_Boots_Brown,2,28800,3600,1,100,clothes,0,0
jmc_Military_Mountain_Boots_Redpunk,2,28800,3600,1,100,clothes,0,0
SRP_KarambitKnife,1,28800,3600,0,100,weapons,0,0
SRP_KarambitKnife_Red,15,28800,3600,10,100,weapons,0,1
SRP_KarambitKnife_Blue,1,28800,3600,0,100,weapons,0,0
SRP_BeanBasher,2,28800,3600,1,100,weapons,0,0
SRP_BerserkSword,1,28800,3600,0,100,weapons,0,0
SRP_FireyGreatsword_Basic,1,28800,3600,0,100,weapons,0,0
SRP_GladiusSword_Ornamental,1,28800,3600,1,100,weapons,0,0
SRP_KatanaSlim,1,28800,3600,1,100,weapons,0,0
SRP_KatanaSlim_Sheath,1,28800,3600,0,100,weapons,0,0
SRP_SnakeDagger,12,28800,3600,8,100,weapons,0,0
SRP_Viking_Axe,1,28800,3600,0,100,weapons,0,0
SRP_WarCleaver,1,28800,3600,0,100,weapons,0,0
SRP_WarHammer_Basic_Wood,1,28800,3600,0,100,weapons,0,0
SRP_WarHammer_Brutal_Basic,1,28800,3600,0,100,weapons,0,0
SRP_WitcherSword_Basic,1,28800,3600,0,100,weapons,0,0
tantosword_Simple,1,28800,3600,0,100,weapons,0,0
tbladed_Simple,12,28800,3600,8,100,weapons,0,0
SRP_Trenchknife,15,28800,3600,10,100,weapons,0,0
SRP_Dynamite_Stick,12,7200,1800,8,100,weapons,0,0
SRP_Dynamite_Stack,9,7200,1800,6,100,weapons,0,0
SRP_Staff_Skull_Basic,1,28800,2400,1,100,weapons,0,0
ADM_Divingtank,30,7200,3600,20,100,tools,0,0
ADM_Flippers,70,7200,3600,50,100,clothes,0,0
ADM_Snorkel,70,7200,3600,50,100,clothes,0,0
ADM_Divinghelmet,0,28800,3600,0,100,clothes,0,0
ADM_Divinghelmet_Old,0,28800,3600,0,100,clothes,0,0
ADM_Divingsuit,0,28800,3600,0,100,clothes,0,0
ADM_Compressor,25,14400,3600,20,100,tools,0,0
jmc_GPSReceiver,10,3600,1800,8,999,tools,0,0
jmc_grenade_smokey,1,3600,1200,1,100,weapons,0,0
jmc_grenade_z,20,3600,3600,15,100,weapons,0,0
InfectedSoldierHardJMC,0,1800,0,0,100,,0,0
InfectedSoldierHardJMCWinter,0,1800,0,0,100,,0,0
Animal_CanisLupus_Winter,0,1800,0,0,100,,0,0
JMC_Book_KMUC,1,1800,0,1,100,tools,0,0
JMC_Book_PROTOTYPE,1,1800,0,1,100,tools,0,0
JMC_Book_NAMALSK,1,1800,0,1,100,tools,0,0
JMC_Book_DIARYFROST,1,1800,0,1,100,tools,0,0
JMC_Book_DIARYHCRINCI,1,1800,0,1,100,tools,0,0
JMC_Book_DIARYBARINGER,1,1800,0,1,100,tools,0,0
JMC_Book_DIARYCARGO,1,1800,0,1,100,tools,0,0
JMC_Book_STAFF,1,1800,0,1,100,tools,0,0
JMC_Book_DIARYTELEPORT,1,1800,0,1,100,tools,0,0
JMC_Book_DIARYLOVE,1,1800,0,1,100,tools,0,0
JMC_Book_ARCTICA,1,1800,0,1,100,tools,0,0
JMC_Book_QIS,1,1800,0,1,100,tools,0,0
STAG_CombatKnife,2,14400,0,1,100,tools,0,0
STAG_Clothing_6sh118,2,86400,0,1,100,tools,0,0
STAG_Teddybear_brown,5,86400,0,3,100,tools,0,0
STAG_Teddybear_black,5,86400,0,3,100,tools,0,0
STAG_Clothing_Armband,30,1800,0,20,100,tools,0,0
STAG_Clothing_ArmyBackpack,3,86400,0,2,100,tools,0,1
STAG_Clothing_Cap,25,1800,0,20,100,tools,0,0
STAG_Clothing_Beret,15,1800,0,10,100,tools,0,0
STAG_Clothing_Boots,8,1800,0,4,100,tools,0,0
STAG_Clothing_Boots_PT,1,7200,14400,1,100,clothes,0,0
STAG_Clothing_CoyoteBag,4,86400,0,2,100,tools,0,0
STAG_Clothing_DryBag,35,86400,0,22,100,tools,0,0
STAG_Flag_Mirrored,0,1800,0,0,100,tools,0,0
STAG_Clothing_TacticalGloves,20,1800,0,15,100,tools,0,0
STAG_Clothing_TacticalGloves_PT,1,7200,14400,1,100,clothes,0,0
STAG_Clothing_PlateCarrierHolster,5,1800,0,3,100,tools,0,1
STAG_Clothing_M65_Jacket,5,1800,0,3,100,tools,0,0
STAG_Clothing_M65_Jacket_PT,1,7200,14400,1,100,clothes,0,0
STAG_Clothing_MountainBag,20,14400,0,17,100,tools,0,1
STAG_Clothing_Cargo_Pants,5,1800,0,3,100,tools,0,0
STAG_Clothing_Cargo_Pants_PT,1,7200,14400,1,100,clothes,0,0
STAG_Clothing_Pouches,8,1800,0,4,100,tools,0,0
STAG_Clothing_Pouches_PT,1,7200,14400,1,100,clothes,0,0
STAG_Clothing_Vest,2,1800,0,1,100,tools,0,0
STAG_Clothing_Vest_PT,1,7200,14400,1,100,clothes,0,0
STAG_Clothing_PlateCarrier,2,1800,0,1,100,tools,0,0
STAG_Clothing_PlateCarrier_PT,1,7200,14400,1,100,clothes,0,0
ESP_RIS_Adapter,9,1800,0,6,100,weapons,0,0
STG_AK_RIS_Adapter,9,1800,0,6,100,weapons,0,0
STG_AK_Stck_Adapter,5,1800,0,3,100,weapons,0,0
SRP_PistolSuppressor_Golden,2,1800,0,1,100,weapons,0,0
STG_PBS5_Suppressor,5,1800,0,3,100,weapons,0,0
ESP_Wrapped_Suppressor,5,1800,0,3,100,weapons,0,0
ESP_Wrapped_Suppressor_Green,20,1800,0,10,100,weapons,0,1
ESP_Wrapped_Suppressor_Black,5,1800,0,3,100,weapons,0,0
ESP_Tac_Craftsmen,8,1800,0,5,100,weapons,0,1
ESP_Long_Range,5,1800,0,3,100,weapons,0,0
ESP_Hunter,5,1800,0,3,100,weapons,0,0
ESP_Short_Range,5,1800,0,3,100,weapons,0,0
ESP_Spectre,5,1800,0,3,100,weapons,0,0
ESP_RedDot,5,1800,0,3,100,weapons,0,0
jmc_atv_Wheel,40,10800,0,30,100,tools,0,0
jmc_atv_Blue,0,3888000,1800,0,100,,0,0
jmc_atv_Red,0,3888000,1800,0,100,,0,0
jmc_atv_Aqua,0,3888000,1800,0,100,,0,0
jmc_atv_Grey,0,3888000,1800,0,100,,0,0
jmc_atv_Green,0,3888000,1800,0,100,,0,0
jmc_atv_Pink,0,3888000,1800,0,100,,0,0
jmc_Boat_STAG_Red,0,3888000,1800,0,100,,0,0
jmc_Boat_STAG_White,0,3888000,1800,0,100,,0,0
jmc_Boat_STAG_Black,0,3888000,1800,0,100,,0,0
jmc_atv_STAG_Black,0,3888000,1800,0,100,,0,0
jmc_atv_STAG_Red,0,3888000,1800,0,100,,0,0
jmc_atv_STAG_White,0,3888000,1800,0,100,,0,0
